Country,WHOREGION,FLUREGION,Year,Week,SDATE,EDATE,AH1,AH1N12009,AH3,AH5,ANOTSUBTYPED,INF_A,BYAMAGATA,BVICTORIA,BNOTDETERMINED,INF_B,ALL_INF,ALL_INF2
China,Western Pacific Region of WHO,Eastern Asia,1997,1,1996-12-30,1997-01-05,,,1,,,1,,,5,5,6,
China,Western Pacific Region of WHO,Eastern Asia,1997,2,1997-01-06,1997-01-12,,,1,,,1,,,1,1,2,
China,Western Pacific Region of WHO,Eastern Asia,1997,3,1997-01-13,1997-01-19,,,5,,,5,,,6,6,11,
China,Western Pacific Region of WHO,Eastern Asia,1997,4,1997-01-20,1997-01-26,,,2,,,2,,,9,9,11,
China,Western Pacific Region of WHO,Eastern Asia,1997,5,1997-01-27,1997-02-02,,,1,,,1,,,21,21,22,
China,Western Pacific Region of WHO,Eastern Asia,1997,6,1997-02-03,1997-02-09,,,3,,,3,,,15,15,18,
China,Western Pacific Region of WHO,Eastern Asia,1997,7,1997-02-10,1997-02-16,,,3,,,3,,,22,22,25,
China,Western Pacific Region of WHO,Eastern Asia,1997,8,1997-02-17,1997-02-23,,,3,,,3,,,13,13,16,
China,Western Pacific Region of WHO,Eastern Asia,1997,9,1997-02-24,1997-03-02,,,7,,,7,,,10,10,17,
China,Western Pacific Region of WHO,Eastern Asia,1997,10,1997-03-03,1997-03-09,,,6,,,6,,,11,11,17,
China,Western Pacific Region of WHO,Eastern Asia,1997,11,1997-03-10,1997-03-16,,,5,,,5,,,12,12,17,
China,Western Pacific Region of WHO,Eastern Asia,1997,12,1997-03-17,1997-03-23,,,11,,,11,,,17,17,28,
China,Western Pacific Region of WHO,Eastern Asia,1997,13,1997-03-24,1997-03-30,,,5,,,5,,,10,10,15,
China,Western Pacific Region of WHO,Eastern Asia,1997,14,1997-03-31,1997-04-06,,,10,,,10,,,6,6,16,
China,Western Pacific Region of WHO,Eastern Asia,1997,15,1997-04-07,1997-04-13,,,5,,,5,,,3,3,8,
China,Western Pacific Region of WHO,Eastern Asia,1997,16,1997-04-14,1997-04-20,,,10,,,10,,,,0,10,
China,Western Pacific Region of WHO,Eastern Asia,1997,17,1997-04-21,1997-04-27,,,11,,,11,,,4,4,15,
China,Western Pacific Region of WHO,Eastern Asia,1997,18,1997-04-28,1997-05-04,,,10,,,10,,,2,2,12,
China,Western Pacific Region of WHO,Eastern Asia,1997,19,1997-05-05,1997-05-11,,,11,,,11,,,1,1,12,
China,Western Pacific Region of WHO,Eastern Asia,1997,20,1997-05-12,1997-05-18,,,19,,,19,,,,0,19,
China,Western Pacific Region of WHO,Eastern Asia,1997,21,1997-05-19,1997-05-25,,,25,,,25,,,,0,25,
China,Western Pacific Region of WHO,Eastern Asia,1997,22,1997-05-26,1997-06-01,,,29,,,29,,,1,1,30,
China,Western Pacific Region of WHO,Eastern Asia,1997,23,1997-06-02,1997-06-08,1,,45,,,46,,,,0,46,
China,Western Pacific Region of WHO,Eastern Asia,1997,24,1997-06-09,1997-06-15,,,12,,,12,,,,0,12,
China,Western Pacific Region of WHO,Eastern Asia,1997,25,1997-06-16,1997-06-22,,,30,,,30,,,,0,30,
China,Western Pacific Region of WHO,Eastern Asia,1997,26,1997-06-23,1997-06-29,,,34,,,34,,,,0,34,
China,Western Pacific Region of WHO,Eastern Asia,1997,27,1997-06-30,1997-07-06,,,22,,1,23,,,,0,23,
China,Western Pacific Region of WHO,Eastern Asia,1997,28,1997-07-07,1997-07-13,,,23,,,23,,,,0,23,
China,Western Pacific Region of WHO,Eastern Asia,1997,29,1997-07-14,1997-07-20,,,16,,3,19,,,,0,19,
China,Western Pacific Region of WHO,Eastern Asia,1997,30,1997-07-21,1997-07-27,,,21,,2,23,,,1,1,24,
China,Western Pacific Region of WHO,Eastern Asia,1997,31,1997-07-28,1997-08-03,9,,17,,,26,,,,0,26,
China,Western Pacific Region of WHO,Eastern Asia,1997,32,1997-08-04,1997-08-10,3,,6,,,9,,,3,3,12,
China,Western Pacific Region of WHO,Eastern Asia,1997,33,1997-08-11,1997-08-17,3,,3,,,6,,,1,1,7,
China,Western Pacific Region of WHO,Eastern Asia,1997,34,1997-08-18,1997-08-24,2,,2,,,4,,,,0,4,
China,Western Pacific Region of WHO,Eastern Asia,1997,35,1997-08-25,1997-08-31,2,,,,,2,,,,0,2,
China,Western Pacific Region of WHO,Eastern Asia,1997,36,1997-09-01,1997-09-07,1,,2,,,3,,,2,2,5,
China,Western Pacific Region of WHO,Eastern Asia,1997,37,1997-09-08,1997-09-14,1,,,,,1,,,1,1,2,
China,Western Pacific Region of WHO,Eastern Asia,1997,38,1997-09-15,1997-09-21,,,,,,0,,,4,4,4,
China,Western Pacific Region of WHO,Eastern Asia,1997,39,1997-09-22,1997-09-28,,,,,,0,,,1,1,1,
China,Western Pacific Region of WHO,Eastern Asia,1997,40,1997-09-29,1997-10-05,,,1,,,1,,,,0,1,
China,Western Pacific Region of WHO,Eastern Asia,1997,41,1997-10-06,1997-10-12,,,,,,0,,,1,1,1,
China,Western Pacific Region of WHO,Eastern Asia,1997,42,1997-10-13,1997-10-19,,,,,,0,,,1,1,1,
China,Western Pacific Region of WHO,Eastern Asia,1997,43,1997-10-20,1997-10-26,1,,,,,1,,,1,1,2,
China,Western Pacific Region of WHO,Eastern Asia,1997,44,1997-10-27,1997-11-02,,,,,,0,,,,0,0,
China,Western Pacific Region of WHO,Eastern Asia,1997,50,1997-12-08,1997-12-14,,,,,,0,,,,0,0,
China,Western Pacific Region of WHO,Eastern Asia,1997,51,1997-12-15,1997-12-21,,,,,,0,,,,0,0,
China,Western Pacific Region of WHO,Eastern Asia,1997,52,1997-12-22,1997-12-28,,,,,,0,,,,0,0,
China,Western Pacific Region of WHO,Eastern Asia,1998,4,1998-01-19,1998-01-25,,,,,,0,,,,0,0,
China,Western Pacific Region of WHO,Eastern Asia,1998,8,1998-02-16,1998-02-22,,,,,,0,,,,0,0,
China,Western Pacific Region of WHO,Eastern Asia,1998,9,1998-02-23,1998-03-01,,,,,,0,,,,0,0,
China,Western Pacific Region of WHO,Eastern Asia,1998,10,1998-03-02,1998-03-08,,,,,,0,,,,0,0,
China,Western Pacific Region of WHO,Eastern Asia,1998,11,1998-03-09,1998-03-15,,,,,,0,,,,0,0,
China,Western Pacific Region of WHO,Eastern Asia,1998,12,1998-03-16,1998-03-22,,,,,,0,,,,0,0,
China,Western Pacific Region of WHO,Eastern Asia,1998,13,1998-03-23,1998-03-29,,,,,,0,,,,0,0,
China,Western Pacific Region of WHO,Eastern Asia,1998,14,1998-03-30,1998-04-05,,,,,,0,,,,0,0,
China,Western Pacific Region of WHO,Eastern Asia,1998,15,1998-04-06,1998-04-12,,,,,,0,,,,0,0,
China,Western Pacific Region of WHO,Eastern Asia,1998,16,1998-04-13,1998-04-19,,,,,,0,,,,0,0,
China,Western Pacific Region of WHO,Eastern Asia,1998,17,1998-04-20,1998-04-26,,,,,,0,,,,0,0,
China,Western Pacific Region of WHO,Eastern Asia,1998,18,1998-04-27,1998-05-03,,,,,,0,,,,0,0,
China,Western Pacific Region of WHO,Eastern Asia,1998,21,1998-05-18,1998-05-24,,,,,,0,,,,0,0,
China,Western Pacific Region of WHO,Eastern Asia,1998,43,1998-10-19,1998-10-25,0,,5,,,5,,,4,4,9,
China,Western Pacific Region of WHO,Eastern Asia,1998,45,1998-11-02,1998-11-08,,,,,,0,,,,0,0,
China,Western Pacific Region of WHO,Eastern Asia,1998,48,1998-11-23,1998-11-29,1,,6,,,7,,,2,2,9,
China,Western Pacific Region of WHO,Eastern Asia,1998,49,1998-11-30,1998-12-06,,,,,,0,,,,0,0,
China,Western Pacific Region of WHO,Eastern Asia,1998,50,1998-12-07,1998-12-13,,,,,,0,,,,0,0,
China,Western Pacific Region of WHO,Eastern Asia,1998,51,1998-12-14,1998-12-20,0,,24,,,24,,,3,3,27,
China,Western Pacific Region of WHO,Eastern Asia,1999,33,1999-08-16,1999-08-22,0,,212,,,212,,,39,39,251,
China,Western Pacific Region of WHO,Eastern Asia,1999,38,1999-09-20,1999-09-26,0,,73,,,73,,,58,58,131,
China,Western Pacific Region of WHO,Eastern Asia,1999,42,1999-10-18,1999-10-24,0,,18,,,18,,,24,24,42,
China,Western Pacific Region of WHO,Eastern Asia,1999,46,1999-11-15,1999-11-21,0,,15,,,15,,,17,17,32,
China,Western Pacific Region of WHO,Eastern Asia,1999,50,1999-12-13,1999-12-19,0,,13,,,13,,,10,10,23,
China,Western Pacific Region of WHO,Eastern Asia,1999,51,1999-12-20,1999-12-26,,,,,,0,,,,0,0,
China,Western Pacific Region of WHO,Eastern Asia,2000,27,2000-07-03,2000-07-09,0,,45,,0,45,,,2,2,47,
China,Western Pacific Region of WHO,Eastern Asia,2000,28,2000-07-10,2000-07-16,1,,37,,2,40,,,,0,40,
China,Western Pacific Region of WHO,Eastern Asia,2000,29,2000-07-17,2000-07-23,0,,17,,2,19,,,2,2,21,
China,Western Pacific Region of WHO,Eastern Asia,2000,30,2000-07-24,2000-07-30,5,,31,,2,38,,,2,2,40,
China,Western Pacific Region of WHO,Eastern Asia,2000,31,2000-07-31,2000-08-06,5,,23,,3,31,,,1,1,32,
China,Western Pacific Region of WHO,Eastern Asia,2000,32,2000-08-07,2000-08-13,4,,27,,2,33,,,1,1,34,
China,Western Pacific Region of WHO,Eastern Asia,2000,33,2000-08-14,2000-08-20,19,,39,,3,61,,,2,2,63,
China,Western Pacific Region of WHO,Eastern Asia,2000,34,2000-08-21,2000-08-27,18,,27,,1,46,,,1,1,47,
China,Western Pacific Region of WHO,Eastern Asia,2000,35,2000-08-28,2000-09-03,10,,8,,1,19,,,4,4,23,
China,Western Pacific Region of WHO,Eastern Asia,2000,36,2000-09-04,2000-09-10,13,,18,,1,32,,,3,3,35,
China,Western Pacific Region of WHO,Eastern Asia,2000,37,2000-09-11,2000-09-17,2,,2,,5,9,,,3,3,12,
China,Western Pacific Region of WHO,Eastern Asia,2000,38,2000-09-18,2000-09-24,7,,7,,2,16,,,2,2,18,
China,Western Pacific Region of WHO,Eastern Asia,2000,39,2000-09-25,2000-10-01,1,,1,,0,2,,,3,3,5,
China,Western Pacific Region of WHO,Eastern Asia,2000,40,2000-10-02,2000-10-08,1,,,,,1,,,,0,1,
China,Western Pacific Region of WHO,Eastern Asia,2000,41,2000-10-09,2000-10-15,0,,0,,0,0,,,2,2,2,
China,Western Pacific Region of WHO,Eastern Asia,2000,42,2000-10-16,2000-10-22,0,,1,,0,1,,,4,4,5,
China,Western Pacific Region of WHO,Eastern Asia,2000,43,2000-10-23,2000-10-29,0,,0,,2,2,,,6,6,8,
China,Western Pacific Region of WHO,Eastern Asia,2000,44,2000-10-30,2000-11-05,2,,0,,1,3,,,5,5,8,
China,Western Pacific Region of WHO,Eastern Asia,2000,45,2000-11-06,2000-11-12,1,,1,,2,4,,,5,5,9,
China,Western Pacific Region of WHO,Eastern Asia,2000,46,2000-11-13,2000-11-19,2,,0,,2,4,,,3,3,7,
China,Western Pacific Region of WHO,Eastern Asia,2000,47,2000-11-20,2000-11-26,1,,0,,0,1,,,5,5,6,
China,Western Pacific Region of WHO,Eastern Asia,2000,48,2000-11-27,2000-12-03,0,,0,,1,1,,,5,5,6,
China,Western Pacific Region of WHO,Eastern Asia,2000,49,2000-12-04,2000-12-10,0,,1,,1,2,,,8,8,10,
China,Western Pacific Region of WHO,Eastern Asia,2000,50,2000-12-11,2000-12-17,1,,,,,1,,,,0,1,
China,Western Pacific Region of WHO,Eastern Asia,2000,51,2000-12-18,2000-12-24,,,,,,0,,,,0,0,
China,Western Pacific Region of WHO,Eastern Asia,2000,52,2000-12-25,2000-12-31,2,,0,,1,3,,,2,2,5,
China,Western Pacific Region of WHO,Eastern Asia,2001,1,2001-01-01,2001-01-07,6,,1,,4,11,,,10,10,21,
China,Western Pacific Region of WHO,Eastern Asia,2001,2,2001-01-08,2001-01-14,25,,1,,0,26,,,19,19,45,
China,Western Pacific Region of WHO,Eastern Asia,2001,3,2001-01-15,2001-01-21,5,,1,,0,6,,,7,7,13,
China,Western Pacific Region of WHO,Eastern Asia,2001,4,2001-01-22,2001-01-28,3,,1,,0,4,,,5,5,9,
China,Western Pacific Region of WHO,Eastern Asia,2001,5,2001-01-29,2001-02-04,8,,4,,5,17,,,22,22,39,
China,Western Pacific Region of WHO,Eastern Asia,2001,6,2001-02-05,2001-02-11,10,,4,,2,16,,,24,24,40,
China,Western Pacific Region of WHO,Eastern Asia,2001,7,2001-02-12,2001-02-18,10,,7,,1,18,,,36,36,54,
China,Western Pacific Region of WHO,Eastern Asia,2001,8,2001-02-19,2001-02-25,29,,2,,1,32,,,30,30,62,
China,Western Pacific Region of WHO,Eastern Asia,2001,9,2001-02-26,2001-03-04,31,,0,,0,31,,,36,36,67,
China,Western Pacific Region of WHO,Eastern Asia,2001,10,2001-03-05,2001-03-11,43,,0,,0,43,,,36,36,79,
China,Western Pacific Region of WHO,Eastern Asia,2001,11,2001-03-12,2001-03-18,29,,8,,6,43,,,47,47,90,
China,Western Pacific Region of WHO,Eastern Asia,2001,12,2001-03-19,2001-03-25,35,,2,,3,40,,,28,28,68,
China,Western Pacific Region of WHO,Eastern Asia,2001,13,2001-03-26,2001-04-01,42,,5,,0,47,,,19,19,66,
China,Western Pacific Region of WHO,Eastern Asia,2001,14,2001-04-02,2001-04-08,28,,1,,1,30,,,22,22,52,
China,Western Pacific Region of WHO,Eastern Asia,2001,15,2001-04-09,2001-04-15,19,,3,,5,27,,,32,32,59,
China,Western Pacific Region of WHO,Eastern Asia,2001,16,2001-04-16,2001-04-22,53,,10,,2,65,,,24,24,89,
China,Western Pacific Region of WHO,Eastern Asia,2001,17,2001-04-23,2001-04-29,17,,3,,2,22,,,8,8,30,
China,Western Pacific Region of WHO,Eastern Asia,2001,18,2001-04-30,2001-05-06,67,,12,,2,81,,,21,21,102,
China,Western Pacific Region of WHO,Eastern Asia,2001,19,2001-05-07,2001-05-13,28,,3,,6,37,,,25,25,62,
China,Western Pacific Region of WHO,Eastern Asia,2001,20,2001-05-14,2001-05-20,61,,8,,4,73,,,25,25,98,
China,Western Pacific Region of WHO,Eastern Asia,2001,21,2001-05-21,2001-05-27,56,,7,,4,67,,,22,22,89,
China,Western Pacific Region of WHO,Eastern Asia,2001,22,2001-05-28,2001-06-03,60,,4,,3,67,,,23,23,90,
China,Western Pacific Region of WHO,Eastern Asia,2001,23,2001-06-04,2001-06-10,39,,3,,0,42,,,8,8,50,
China,Western Pacific Region of WHO,Eastern Asia,2001,24,2001-06-11,2001-06-17,51,,3,,5,59,,,14,14,73,
China,Western Pacific Region of WHO,Eastern Asia,2001,25,2001-06-18,2001-06-24,51,,2,,3,56,,,15,15,71,
China,Western Pacific Region of WHO,Eastern Asia,2001,26,2001-06-25,2001-07-01,26,,1,,2,29,,,10,10,39,
China,Western Pacific Region of WHO,Eastern Asia,2001,27,2001-07-02,2001-07-08,65,,2,,3,70,,,27,27,97,
China,Western Pacific Region of WHO,Eastern Asia,2001,28,2001-07-09,2001-07-15,39,,2,,1,42,,,6,6,48,
China,Western Pacific Region of WHO,Eastern Asia,2001,29,2001-07-16,2001-07-22,40,,4,,1,45,,,17,17,62,
China,Western Pacific Region of WHO,Eastern Asia,2001,30,2001-07-23,2001-07-29,39,,7,,1,47,,,21,21,68,
China,Western Pacific Region of WHO,Eastern Asia,2001,31,2001-07-30,2001-08-05,45,,9,,0,54,,,20,20,74,
China,Western Pacific Region of WHO,Eastern Asia,2001,32,2001-08-06,2001-08-12,39,,3,,4,46,,,17,17,63,
China,Western Pacific Region of WHO,Eastern Asia,2001,33,2001-08-13,2001-08-19,18,,4,,4,26,,,20,20,46,
China,Western Pacific Region of WHO,Eastern Asia,2001,34,2001-08-20,2001-08-26,21,,3,,2,26,,,19,19,45,
China,Western Pacific Region of WHO,Eastern Asia,2001,35,2001-08-27,2001-09-02,9,,1,,3,13,,,6,6,19,
China,Western Pacific Region of WHO,Eastern Asia,2001,36,2001-09-03,2001-09-09,7,,1,,2,10,,,6,6,16,
China,Western Pacific Region of WHO,Eastern Asia,2001,37,2001-09-10,2001-09-16,9,,1,,2,12,,,9,9,21,
China,Western Pacific Region of WHO,Eastern Asia,2001,38,2001-09-17,2001-09-23,6,,0,,3,9,,,2,2,11,
China,Western Pacific Region of WHO,Eastern Asia,2001,39,2001-09-24,2001-09-30,3,,0,,0,3,,,2,2,5,
China,Western Pacific Region of WHO,Eastern Asia,2001,40,2001-10-01,2001-10-07,2,,2,,3,7,,,,0,7,
China,Western Pacific Region of WHO,Eastern Asia,2001,41,2001-10-08,2001-10-14,0,,0,,2,2,,,3,3,5,
China,Western Pacific Region of WHO,Eastern Asia,2001,42,2001-10-15,2001-10-21,0,,0,,0,0,,,,0,0,
China,Western Pacific Region of WHO,Eastern Asia,2001,43,2001-10-22,2001-10-28,0,,0,,1,1,,,,0,1,
China,Western Pacific Region of WHO,Eastern Asia,2001,44,2001-10-29,2001-11-04,1,,0,,0,1,,,1,1,2,
China,Western Pacific Region of WHO,Eastern Asia,2001,45,2001-11-05,2001-11-11,0,,1,,0,1,,,,0,1,
China,Western Pacific Region of WHO,Eastern Asia,2001,46,2001-11-12,2001-11-18,0,,2,,2,4,,,,0,4,
China,Western Pacific Region of WHO,Eastern Asia,2001,47,2001-11-19,2001-11-25,0,,1,,4,5,,,1,1,6,
China,Western Pacific Region of WHO,Eastern Asia,2001,48,2001-11-26,2001-12-02,1,,1,,0,2,,,2,2,4,
China,Western Pacific Region of WHO,Eastern Asia,2001,49,2001-12-03,2001-12-09,2,,1,,5,8,,,1,1,9,
China,Western Pacific Region of WHO,Eastern Asia,2001,50,2001-12-10,2001-12-16,0,,2,,3,5,,,,0,5,
China,Western Pacific Region of WHO,Eastern Asia,2001,51,2001-12-17,2001-12-23,1,,7,,1,9,,,1,1,10,
China,Western Pacific Region of WHO,Eastern Asia,2001,52,2001-12-24,2001-12-30,,,,,,0,,,,0,0,
China,Western Pacific Region of WHO,Eastern Asia,2002,1,2001-12-31,2002-01-06,3,,10,,0,13,,,2,2,15,
China,Western Pacific Region of WHO,Eastern Asia,2002,2,2002-01-07,2002-01-13,3,,12,,3,18,,,7,7,25,
China,Western Pacific Region of WHO,Eastern Asia,2002,3,2002-01-14,2002-01-20,3,,27,,2,32,,,17,17,49,
China,Western Pacific Region of WHO,Eastern Asia,2002,4,2002-01-21,2002-01-27,5,,31,,2,38,,,11,11,49,
China,Western Pacific Region of WHO,Eastern Asia,2002,5,2002-01-28,2002-02-03,11,,98,,3,112,,,40,40,152,
China,Western Pacific Region of WHO,Eastern Asia,2002,6,2002-02-04,2002-02-10,,,,,,0,,,,0,0,
China,Western Pacific Region of WHO,Eastern Asia,2002,7,2002-02-11,2002-02-17,4,,56,,4,64,,,42,42,106,
China,Western Pacific Region of WHO,Eastern Asia,2002,8,2002-02-18,2002-02-24,8,,35,,3,46,,,18,18,64,
China,Western Pacific Region of WHO,Eastern Asia,2002,9,2002-02-25,2002-03-03,9,,44,,1,54,,,17,17,71,
China,Western Pacific Region of WHO,Eastern Asia,2002,10,2002-03-04,2002-03-10,4,,44,,2,50,,,14,14,64,
China,Western Pacific Region of WHO,Eastern Asia,2002,11,2002-03-11,2002-03-17,9,,67,,5,81,,,17,17,98,
China,Western Pacific Region of WHO,Eastern Asia,2002,12,2002-03-18,2002-03-24,4,,64,,1,69,,,13,13,82,
China,Western Pacific Region of WHO,Eastern Asia,2002,13,2002-03-25,2002-03-31,2,,50,,2,54,,,17,17,71,
China,Western Pacific Region of WHO,Eastern Asia,2002,14,2002-04-01,2002-04-07,1,,13,,5,19,,,13,13,32,
China,Western Pacific Region of WHO,Eastern Asia,2002,15,2002-04-08,2002-04-14,2,,85,,4,91,,,6,6,97,
China,Western Pacific Region of WHO,Eastern Asia,2002,16,2002-04-15,2002-04-21,5,,94,,1,100,,,4,4,104,
China,Western Pacific Region of WHO,Eastern Asia,2002,17,2002-04-22,2002-04-28,2,,85,,1,88,,,6,6,94,
China,Western Pacific Region of WHO,Eastern Asia,2002,18,2002-04-29,2002-05-05,0,,44,,8,52,,,,0,52,
China,Western Pacific Region of WHO,Eastern Asia,2002,19,2002-05-06,2002-05-12,0,,36,,2,38,,,2,2,40,
China,Western Pacific Region of WHO,Eastern Asia,2002,20,2002-05-13,2002-05-19,1,,51,,1,53,,,1,1,54,
China,Western Pacific Region of WHO,Eastern Asia,2002,21,2002-05-20,2002-05-26,0,,40,,2,42,,,2,2,44,
China,Western Pacific Region of WHO,Eastern Asia,2002,22,2002-05-27,2002-06-02,0,,64,,1,65,,,1,1,66,
China,Western Pacific Region of WHO,Eastern Asia,2002,23,2002-06-03,2002-06-09,0,,49,,7,56,,,1,1,57,
China,Western Pacific Region of WHO,Eastern Asia,2002,24,2002-06-10,2002-06-16,0,,52,,7,59,,,1,1,60,
China,Western Pacific Region of WHO,Eastern Asia,2002,25,2002-06-17,2002-06-23,0,,64,,3,67,,,1,1,68,
China,Western Pacific Region of WHO,Eastern Asia,2002,26,2002-06-24,2002-06-30,0,,60,,0,60,,,,0,60,
China,Western Pacific Region of WHO,Eastern Asia,2002,27,2002-07-01,2002-07-07,0,,70,,5,75,,,1,1,76,
China,Western Pacific Region of WHO,Eastern Asia,2002,28,2002-07-08,2002-07-14,0,,58,,5,63,,,,0,63,
China,Western Pacific Region of WHO,Eastern Asia,2002,29,2002-07-15,2002-07-21,0,,68,,3,71,,,,0,71,
China,Western Pacific Region of WHO,Eastern Asia,2002,30,2002-07-22,2002-07-28,0,,48,,13,61,,,2,2,63,
China,Western Pacific Region of WHO,Eastern Asia,2002,31,2002-07-29,2002-08-04,1,,64,,8,73,,,1,1,74,
China,Western Pacific Region of WHO,Eastern Asia,2002,32,2002-08-05,2002-08-11,0,,47,,4,51,,,2,2,53,
China,Western Pacific Region of WHO,Eastern Asia,2002,33,2002-08-12,2002-08-18,0,,26,,4,30,,,,0,30,
China,Western Pacific Region of WHO,Eastern Asia,2002,34,2002-08-19,2002-08-25,0,,16,,3,19,,,,0,19,
China,Western Pacific Region of WHO,Eastern Asia,2002,35,2002-08-26,2002-09-01,0,,15,,5,20,,,3,3,23,
China,Western Pacific Region of WHO,Eastern Asia,2002,36,2002-09-02,2002-09-08,1,,12,,3,16,,,3,3,19,
China,Western Pacific Region of WHO,Eastern Asia,2002,37,2002-09-09,2002-09-15,0,,6,,5,11,,,4,4,15,
China,Western Pacific Region of WHO,Eastern Asia,2002,38,2002-09-16,2002-09-22,0,,4,,5,9,,,4,4,13,
China,Western Pacific Region of WHO,Eastern Asia,2002,39,2002-09-23,2002-09-29,0,,2,,2,4,,,6,6,10,
China,Western Pacific Region of WHO,Eastern Asia,2002,40,2002-09-30,2002-10-06,0,,6,,0,6,,,2,2,8,
China,Western Pacific Region of WHO,Eastern Asia,2002,41,2002-10-07,2002-10-13,0,,3,,0,3,,,5,5,8,
China,Western Pacific Region of WHO,Eastern Asia,2002,42,2002-10-14,2002-10-20,0,,2,,1,3,,,5,5,8,
China,Western Pacific Region of WHO,Eastern Asia,2002,43,2002-10-21,2002-10-27,0,,4,,0,4,,,2,2,6,
China,Western Pacific Region of WHO,Eastern Asia,2002,44,2002-10-28,2002-11-03,0,,4,,0,4,,,3,3,7,
China,Western Pacific Region of WHO,Eastern Asia,2002,45,2002-11-04,2002-11-10,0,,3,,5,8,,,2,2,10,
China,Western Pacific Region of WHO,Eastern Asia,2002,46,2002-11-11,2002-11-17,0,,1,,2,3,,,3,3,6,
China,Western Pacific Region of WHO,Eastern Asia,2002,47,2002-11-18,2002-11-24,0,,1,,0,1,,,9,9,10,
China,Western Pacific Region of WHO,Eastern Asia,2002,48,2002-11-25,2002-12-01,0,,1,,1,2,,,4,4,6,
China,Western Pacific Region of WHO,Eastern Asia,2002,49,2002-12-02,2002-12-08,0,,6,,1,7,,,17,17,24,
China,Western Pacific Region of WHO,Eastern Asia,2002,50,2002-12-09,2002-12-15,0,,5,,0,5,,,11,11,16,
China,Western Pacific Region of WHO,Eastern Asia,2002,51,2002-12-16,2002-12-22,0,,7,,0,7,,,19,19,26,
China,Western Pacific Region of WHO,Eastern Asia,2002,52,2002-12-23,2002-12-29,0,,12,,3,15,,,18,18,33,
China,Western Pacific Region of WHO,Eastern Asia,2003,1,2002-12-30,2003-01-05,1,,24,,1,26,,,29,29,55,
China,Western Pacific Region of WHO,Eastern Asia,2003,2,2003-01-06,2003-01-12,1,,22,,1,24,,,23,23,47,
China,Western Pacific Region of WHO,Eastern Asia,2003,3,2003-01-13,2003-01-19,0,,35,,1,36,,,43,43,79,
China,Western Pacific Region of WHO,Eastern Asia,2003,4,2003-01-20,2003-01-26,0,,13,,0,13,,,45,45,58,
China,Western Pacific Region of WHO,Eastern Asia,2003,5,2003-01-27,2003-02-02,0,,8,,2,10,,,40,40,50,
China,Western Pacific Region of WHO,Eastern Asia,2003,6,2003-02-03,2003-02-09,0,,55,,0,55,,,56,56,111,
China,Western Pacific Region of WHO,Eastern Asia,2003,7,2003-02-10,2003-02-16,1,,106,,5,112,,,44,44,156,
China,Western Pacific Region of WHO,Eastern Asia,2003,8,2003-02-17,2003-02-23,0,,74,,6,80,,,33,33,113,
China,Western Pacific Region of WHO,Eastern Asia,2003,9,2003-02-24,2003-03-02,0,,87,,4,91,,,44,44,135,
China,Western Pacific Region of WHO,Eastern Asia,2003,10,2003-03-03,2003-03-09,2,,111,,6,119,,,44,44,163,
China,Western Pacific Region of WHO,Eastern Asia,2003,11,2003-03-10,2003-03-16,0,,113,,16,129,,,44,44,173,
China,Western Pacific Region of WHO,Eastern Asia,2003,12,2003-03-17,2003-03-23,1,,133,,15,149,,,55,55,204,
China,Western Pacific Region of WHO,Eastern Asia,2003,13,2003-03-24,2003-03-30,3,,156,,12,171,,,93,93,264,
China,Western Pacific Region of WHO,Eastern Asia,2003,14,2003-03-31,2003-04-06,0,,90,,21,111,,,34,34,145,
China,Western Pacific Region of WHO,Eastern Asia,2003,15,2003-04-07,2003-04-13,1,,28,,11,40,,,9,9,49,
China,Western Pacific Region of WHO,Eastern Asia,2003,16,2003-04-14,2003-04-20,0,,26,,15,41,,,16,16,57,
China,Western Pacific Region of WHO,Eastern Asia,2003,17,2003-04-21,2003-04-27,0,,2,,19,21,,,8,8,29,
China,Western Pacific Region of WHO,Eastern Asia,2003,18,2003-04-28,2003-05-04,0,,9,,7,16,,,6,6,22,
China,Western Pacific Region of WHO,Eastern Asia,2003,19,2003-05-05,2003-05-11,0,,11,,4,15,,,3,3,18,
China,Western Pacific Region of WHO,Eastern Asia,2003,20,2003-05-12,2003-05-18,0,,2,,4,6,,,3,3,9,
China,Western Pacific Region of WHO,Eastern Asia,2003,21,2003-05-19,2003-05-25,0,,5,,2,7,,,1,1,8,
China,Western Pacific Region of WHO,Eastern Asia,2003,22,2003-05-26,2003-06-01,0,,21,,5,26,,,,0,26,
China,Western Pacific Region of WHO,Eastern Asia,2003,23,2003-06-02,2003-06-08,0,,11,,12,23,,,3,3,26,
China,Western Pacific Region of WHO,Eastern Asia,2003,24,2003-06-09,2003-06-15,0,,5,,9,14,,,,0,14,
China,Western Pacific Region of WHO,Eastern Asia,2003,25,2003-06-16,2003-06-22,0,,11,,8,19,,,3,3,22,
China,Western Pacific Region of WHO,Eastern Asia,2003,26,2003-06-23,2003-06-29,0,,24,,5,29,,,1,1,30,
China,Western Pacific Region of WHO,Eastern Asia,2003,27,2003-06-30,2003-07-06,0,,29,,8,37,,,2,2,39,
China,Western Pacific Region of WHO,Eastern Asia,2003,28,2003-07-07,2003-07-13,0,,14,,7,21,,,6,6,27,
China,Western Pacific Region of WHO,Eastern Asia,2003,29,2003-07-14,2003-07-20,0,,30,,12,42,,,,0,42,
China,Western Pacific Region of WHO,Eastern Asia,2003,30,2003-07-21,2003-07-27,0,,25,,10,35,,,1,1,36,
China,Western Pacific Region of WHO,Eastern Asia,2003,31,2003-07-28,2003-08-03,0,,11,,5,16,,,,0,16,
China,Western Pacific Region of WHO,Eastern Asia,2003,32,2003-08-04,2003-08-10,0,,15,,6,21,,,,0,21,
China,Western Pacific Region of WHO,Eastern Asia,2003,33,2003-08-11,2003-08-17,0,,12,,6,18,,,,0,18,
China,Western Pacific Region of WHO,Eastern Asia,2003,34,2003-08-18,2003-08-24,0,,15,,5,20,,,1,1,21,
China,Western Pacific Region of WHO,Eastern Asia,2003,35,2003-08-25,2003-08-31,0,,32,,11,43,,,1,1,44,
China,Western Pacific Region of WHO,Eastern Asia,2003,36,2003-09-01,2003-09-07,0,,14,,1,15,,,,0,15,
China,Western Pacific Region of WHO,Eastern Asia,2003,37,2003-09-08,2003-09-14,0,,14,,13,27,,,,0,27,
China,Western Pacific Region of WHO,Eastern Asia,2003,38,2003-09-15,2003-09-21,0,,38,,5,43,,,1,1,44,
China,Western Pacific Region of WHO,Eastern Asia,2003,39,2003-09-22,2003-09-28,0,,31,,3,34,,,1,1,35,
China,Western Pacific Region of WHO,Eastern Asia,2003,40,2003-09-29,2003-10-05,0,,31,,10,41,,,4,4,45,
China,Western Pacific Region of WHO,Eastern Asia,2003,41,2003-10-06,2003-10-12,0,,10,,6,16,,,4,4,20,
China,Western Pacific Region of WHO,Eastern Asia,2003,42,2003-10-13,2003-10-19,0,,27,,5,32,,,1,1,33,
China,Western Pacific Region of WHO,Eastern Asia,2003,43,2003-10-20,2003-10-26,0,,9,,9,18,,,1,1,19,
China,Western Pacific Region of WHO,Eastern Asia,2003,44,2003-10-27,2003-11-02,0,,4,,6,10,,,,0,10,
China,Western Pacific Region of WHO,Eastern Asia,2003,45,2003-11-03,2003-11-09,0,,6,,4,10,,,,0,10,
China,Western Pacific Region of WHO,Eastern Asia,2003,46,2003-11-10,2003-11-16,0,,1,,4,5,,,,0,5,
China,Western Pacific Region of WHO,Eastern Asia,2003,47,2003-11-17,2003-11-23,0,,3,,2,5,,,4,4,9,
China,Western Pacific Region of WHO,Eastern Asia,2003,48,2003-11-24,2003-11-30,0,,4,,2,6,,,1,1,7,
China,Western Pacific Region of WHO,Eastern Asia,2003,49,2003-12-01,2003-12-07,0,,2,,1,3,,,,0,3,
China,Western Pacific Region of WHO,Eastern Asia,2003,50,2003-12-08,2003-12-14,0,,5,,7,12,,,6,6,18,
China,Western Pacific Region of WHO,Eastern Asia,2003,51,2003-12-15,2003-12-21,0,,7,,1,8,,,1,1,9,
China,Western Pacific Region of WHO,Eastern Asia,2003,52,2003-12-22,2003-12-28,0,,1,,2,3,,,,0,3,
China,Western Pacific Region of WHO,Eastern Asia,2004,1,2003-12-29,2004-01-04,0,,18,,1,19,,,3,3,22,
China,Western Pacific Region of WHO,Eastern Asia,2004,2,2004-01-05,2004-01-11,0,,4,,5,9,,,5,5,14,
China,Western Pacific Region of WHO,Eastern Asia,2004,3,2004-01-12,2004-01-18,0,,9,,4,13,,,,0,13,
China,Western Pacific Region of WHO,Eastern Asia,2004,4,2004-01-19,2004-01-25,0,,6,,5,11,,,4,4,15,
China,Western Pacific Region of WHO,Eastern Asia,2004,5,2004-01-26,2004-02-01,0,,16,,1,17,,,3,3,20,
China,Western Pacific Region of WHO,Eastern Asia,2004,6,2004-02-02,2004-02-08,0,,39,,9,48,,,3,3,51,
China,Western Pacific Region of WHO,Eastern Asia,2004,7,2004-02-09,2004-02-15,0,,146,,12,158,,,4,4,162,
China,Western Pacific Region of WHO,Eastern Asia,2004,8,2004-02-16,2004-02-22,0,,146,,12,158,,,4,4,162,
China,Western Pacific Region of WHO,Eastern Asia,2004,9,2004-02-23,2004-02-29,0,,117,,3,120,,,1,1,121,
China,Western Pacific Region of WHO,Eastern Asia,2004,10,2004-03-01,2004-03-07,0,,129,,4,133,,,3,3,136,
China,Western Pacific Region of WHO,Eastern Asia,2004,11,2004-03-08,2004-03-14,0,,156,,6,162,,,3,3,165,
China,Western Pacific Region of WHO,Eastern Asia,2004,12,2004-03-15,2004-03-21,0,,146,,2,148,,,3,3,151,
China,Western Pacific Region of WHO,Eastern Asia,2004,13,2004-03-22,2004-03-28,0,,193,,12,205,,,2,2,207,
China,Western Pacific Region of WHO,Eastern Asia,2004,14,2004-03-29,2004-04-04,0,,190,,1,191,,,,0,191,
China,Western Pacific Region of WHO,Eastern Asia,2004,15,2004-04-05,2004-04-11,0,,162,,6,168,,,,0,168,
China,Western Pacific Region of WHO,Eastern Asia,2004,16,2004-04-12,2004-04-18,0,,163,,11,174,,,2,2,176,
China,Western Pacific Region of WHO,Eastern Asia,2004,17,2004-04-19,2004-04-25,0,,125,,7,132,,,3,3,135,
China,Western Pacific Region of WHO,Eastern Asia,2004,18,2004-04-26,2004-05-02,0,,132,,3,135,,,4,4,139,
China,Western Pacific Region of WHO,Eastern Asia,2004,19,2004-05-03,2004-05-09,0,,143,,9,152,,,3,3,155,
China,Western Pacific Region of WHO,Eastern Asia,2004,20,2004-05-10,2004-05-16,0,,77,,5,82,,,5,5,87,
China,Western Pacific Region of WHO,Eastern Asia,2004,21,2004-05-17,2004-05-23,0,,107,,10,117,,,5,5,122,
China,Western Pacific Region of WHO,Eastern Asia,2004,22,2004-05-24,2004-05-30,0,,69,,2,71,,,5,5,76,
China,Western Pacific Region of WHO,Eastern Asia,2004,23,2004-05-31,2004-06-06,0,,72,,7,79,,,3,3,82,
China,Western Pacific Region of WHO,Eastern Asia,2004,24,2004-06-07,2004-06-13,0,,160,,2,162,,,4,4,166,
China,Western Pacific Region of WHO,Eastern Asia,2004,25,2004-06-14,2004-06-20,0,,128,,4,132,,,3,3,135,
China,Western Pacific Region of WHO,Eastern Asia,2004,26,2004-06-21,2004-06-27,0,,95,,2,97,,,5,5,102,
China,Western Pacific Region of WHO,Eastern Asia,2004,27,2004-06-28,2004-07-04,1,,82,,5,88,,,7,7,95,
China,Western Pacific Region of WHO,Eastern Asia,2004,28,2004-07-05,2004-07-11,4,,178,,8,190,,,11,11,201,
China,Western Pacific Region of WHO,Eastern Asia,2004,29,2004-07-12,2004-07-18,2,,132,,7,141,,,9,9,150,
China,Western Pacific Region of WHO,Eastern Asia,2004,30,2004-07-19,2004-07-25,2,,240,,7,249,,,18,18,267,
China,Western Pacific Region of WHO,Eastern Asia,2004,31,2004-07-26,2004-08-01,8,,316,,11,335,,,25,25,360,
China,Western Pacific Region of WHO,Eastern Asia,2004,32,2004-08-02,2004-08-08,1,,184,,11,196,,,9,9,205,
China,Western Pacific Region of WHO,Eastern Asia,2004,33,2004-08-09,2004-08-15,1,,202,,2,205,,,22,22,227,
China,Western Pacific Region of WHO,Eastern Asia,2004,34,2004-08-16,2004-08-22,3,,151,,11,165,,,19,19,184,
China,Western Pacific Region of WHO,Eastern Asia,2004,35,2004-08-23,2004-08-29,0,,118,,4,122,,,25,25,147,
China,Western Pacific Region of WHO,Eastern Asia,2004,36,2004-08-30,2004-09-05,0,,137,,4,141,,,25,25,166,
China,Western Pacific Region of WHO,Eastern Asia,2004,37,2004-09-06,2004-09-12,0,,62,,5,67,,,20,20,87,
China,Western Pacific Region of WHO,Eastern Asia,2004,38,2004-09-13,2004-09-19,0,,65,,6,71,,,13,13,84,
China,Western Pacific Region of WHO,Eastern Asia,2004,39,2004-09-20,2004-09-26,0,,68,,4,72,,,30,30,102,
China,Western Pacific Region of WHO,Eastern Asia,2004,40,2004-09-27,2004-10-03,1,,49,,3,53,,,13,13,66,
China,Western Pacific Region of WHO,Eastern Asia,2004,41,2004-10-04,2004-10-10,0,,17,,3,20,,,9,9,29,
China,Western Pacific Region of WHO,Eastern Asia,2004,42,2004-10-11,2004-10-17,1,,11,,0,12,,,6,6,18,
China,Western Pacific Region of WHO,Eastern Asia,2004,43,2004-10-18,2004-10-24,0,,9,,2,11,,,6,6,17,
China,Western Pacific Region of WHO,Eastern Asia,2004,44,2004-10-25,2004-10-31,1,,2,,3,6,,,7,7,13,
China,Western Pacific Region of WHO,Eastern Asia,2004,45,2004-11-01,2004-11-07,0,,2,,1,3,,,2,2,5,
China,Western Pacific Region of WHO,Eastern Asia,2004,46,2004-11-08,2004-11-14,0,,2,,4,6,,,5,5,11,
China,Western Pacific Region of WHO,Eastern Asia,2004,47,2004-11-15,2004-11-21,0,,2,,0,2,,,2,2,4,
China,Western Pacific Region of WHO,Eastern Asia,2004,48,2004-11-22,2004-11-28,0,,3,,1,4,,,3,3,7,
China,Western Pacific Region of WHO,Eastern Asia,2004,49,2004-11-29,2004-12-05,0,,4,,3,7,,,2,2,9,
China,Western Pacific Region of WHO,Eastern Asia,2004,50,2004-12-06,2004-12-12,0,,8,,1,9,,,4,4,13,
China,Western Pacific Region of WHO,Eastern Asia,2004,51,2004-12-13,2004-12-19,0,,1,,0,1,,,1,1,2,
China,Western Pacific Region of WHO,Eastern Asia,2004,52,2004-12-20,2004-12-26,0,,1,,0,1,,,5,5,6,
China,Western Pacific Region of WHO,Eastern Asia,2005,1,2005-01-03,2005-01-09,1,,5,,1,7,,,2,2,9,
China,Western Pacific Region of WHO,Eastern Asia,2005,2,2005-01-10,2005-01-16,0,,12,,0,12,,,6,6,18,
China,Western Pacific Region of WHO,Eastern Asia,2005,3,2005-01-17,2005-01-23,2,,13,,1,16,,,2,2,18,
China,Western Pacific Region of WHO,Eastern Asia,2005,4,2005-01-24,2005-01-30,1,,19,,0,20,,,8,8,28,
China,Western Pacific Region of WHO,Eastern Asia,2005,5,2005-01-31,2005-02-06,6,,17,,0,23,,,10,10,33,
China,Western Pacific Region of WHO,Eastern Asia,2005,6,2005-02-07,2005-02-13,3,,18,,1,22,,,16,16,38,
China,Western Pacific Region of WHO,Eastern Asia,2005,7,2005-02-14,2005-02-20,13,,29,,3,45,,,17,17,62,
China,Western Pacific Region of WHO,Eastern Asia,2005,8,2005-02-21,2005-02-27,6,,43,,1,50,,,20,20,70,
China,Western Pacific Region of WHO,Eastern Asia,2005,9,2005-02-28,2005-03-06,3,,30,,0,33,,,31,31,64,
China,Western Pacific Region of WHO,Eastern Asia,2005,10,2005-03-07,2005-03-13,11,,43,,2,56,,,47,47,103,
China,Western Pacific Region of WHO,Eastern Asia,2005,11,2005-03-14,2005-03-20,14,,86,,7,107,,,75,75,182,
China,Western Pacific Region of WHO,Eastern Asia,2005,12,2005-03-21,2005-03-27,30,,125,,3,158,,,120,120,278,
China,Western Pacific Region of WHO,Eastern Asia,2005,13,2005-03-28,2005-04-03,32,,133,,4,169,,,43,43,212,
China,Western Pacific Region of WHO,Eastern Asia,2005,14,2005-04-04,2005-04-10,27,,183,,2,212,,,74,74,286,
China,Western Pacific Region of WHO,Eastern Asia,2005,15,2005-04-11,2005-04-17,13,,92,,6,111,,,48,48,159,
China,Western Pacific Region of WHO,Eastern Asia,2005,16,2005-04-18,2005-04-24,26,,170,,8,204,,,67,67,271,
China,Western Pacific Region of WHO,Eastern Asia,2005,17,2005-04-25,2005-05-01,9,,143,,14,166,,,49,49,215,
China,Western Pacific Region of WHO,Eastern Asia,2005,18,2005-05-02,2005-05-08,17,,185,,4,206,,,43,43,249,
China,Western Pacific Region of WHO,Eastern Asia,2005,19,2005-05-09,2005-05-15,18,,103,,8,129,,,27,27,156,
China,Western Pacific Region of WHO,Eastern Asia,2005,20,2005-05-16,2005-05-22,15,,367,,4,386,,,25,25,411,
China,Western Pacific Region of WHO,Eastern Asia,2005,21,2005-05-23,2005-05-29,26,,380,,8,414,,,16,16,430,
China,Western Pacific Region of WHO,Eastern Asia,2005,22,2005-05-30,2005-06-05,13,,603,,15,631,,,22,22,653,
China,Western Pacific Region of WHO,Eastern Asia,2005,23,2005-06-06,2005-06-12,12,,332,,12,356,,,12,12,368,
China,Western Pacific Region of WHO,Eastern Asia,2005,24,2005-06-13,2005-06-19,13,,450,,68,531,,,14,14,545,
China,Western Pacific Region of WHO,Eastern Asia,2005,25,2005-06-20,2005-06-26,9,,408,,25,442,,,17,17,459,
China,Western Pacific Region of WHO,Eastern Asia,2005,26,2005-06-27,2005-07-03,3,,112,,18,133,,,7,7,140,
China,Western Pacific Region of WHO,Eastern Asia,2005,27,2005-07-04,2005-07-10,4,,128,,21,153,,,20,20,173,
China,Western Pacific Region of WHO,Eastern Asia,2005,28,2005-07-11,2005-07-17,7,,110,,15,132,,,14,14,146,
China,Western Pacific Region of WHO,Eastern Asia,2005,29,2005-07-18,2005-07-24,4,,48,,9,61,,,6,6,67,
China,Western Pacific Region of WHO,Eastern Asia,2005,30,2005-07-25,2005-07-31,1,,35,,5,41,,,5,5,46,
China,Western Pacific Region of WHO,Eastern Asia,2005,31,2005-08-01,2005-08-07,2,,22,,3,27,,,14,14,41,
China,Western Pacific Region of WHO,Eastern Asia,2005,32,2005-08-08,2005-08-14,3,,7,,4,14,,,7,7,21,
China,Western Pacific Region of WHO,Eastern Asia,2005,33,2005-08-15,2005-08-21,2,,4,,0,6,,,9,9,15,
China,Western Pacific Region of WHO,Eastern Asia,2005,34,2005-08-22,2005-08-28,1,,9,,2,12,,,5,5,17,
China,Western Pacific Region of WHO,Eastern Asia,2005,35,2005-08-29,2005-09-04,10,,9,,1,20,,,11,11,31,
China,Western Pacific Region of WHO,Eastern Asia,2005,36,2005-09-05,2005-09-11,2,,1,,0,3,,,6,6,9,
China,Western Pacific Region of WHO,Eastern Asia,2005,37,2005-09-12,2005-09-18,3,,3,,1,7,,,4,4,11,
China,Western Pacific Region of WHO,Eastern Asia,2005,38,2005-09-19,2005-09-25,4,,4,,1,9,,,3,3,12,
China,Western Pacific Region of WHO,Eastern Asia,2005,39,2005-09-26,2005-10-02,28,,8,,3,39,,,17,17,56,
China,Western Pacific Region of WHO,Eastern Asia,2005,40,2005-10-03,2005-10-09,15,,0,,0,15,,,3,3,18,
China,Western Pacific Region of WHO,Eastern Asia,2005,41,2005-10-10,2005-10-16,43,,6,,0,49,,,8,8,57,
China,Western Pacific Region of WHO,Eastern Asia,2005,42,2005-10-17,2005-10-23,66,,3,,1,70,,,47,47,117,
China,Western Pacific Region of WHO,Eastern Asia,2005,43,2005-10-24,2005-10-30,109,,5,,1,115,,,15,15,130,
China,Western Pacific Region of WHO,Eastern Asia,2005,44,2005-10-31,2005-11-06,142,,6,,2,150,,,25,25,175,
China,Western Pacific Region of WHO,Eastern Asia,2005,45,2005-11-07,2005-11-13,139,,1,,2,142,,,12,12,154,
China,Western Pacific Region of WHO,Eastern Asia,2005,46,2005-11-14,2005-11-20,179,,7,,1,187,,,24,24,211,
China,Western Pacific Region of WHO,Eastern Asia,2005,47,2005-11-21,2005-11-27,187,,11,,4,202,,,21,21,223,
China,Western Pacific Region of WHO,Eastern Asia,2005,48,2005-11-28,2005-12-04,190,,5,,0,195,,,11,11,206,
China,Western Pacific Region of WHO,Eastern Asia,2005,49,2005-12-05,2005-12-11,161,,2,,8,171,,,13,13,184,
China,Western Pacific Region of WHO,Eastern Asia,2005,50,2005-12-12,2005-12-18,160,,3,,5,168,,,26,26,194,
China,Western Pacific Region of WHO,Eastern Asia,2005,51,2005-12-19,2005-12-25,175,,17,,2,194,,,40,40,234,
China,Western Pacific Region of WHO,Eastern Asia,2005,52,2005-12-26,2006-01-01,163,,15,,1,179,,,55,55,234,
China,Western Pacific Region of WHO,Eastern Asia,2006,1,2006-01-02,2006-01-08,109,,5,,1,115,,,68,68,183,
China,Western Pacific Region of WHO,Eastern Asia,2006,2,2006-01-09,2006-01-15,178,,14,,5,197,,,97,97,294,
China,Western Pacific Region of WHO,Eastern Asia,2006,3,2006-01-16,2006-01-22,131,,18,,3,152,,,91,91,243,
China,Western Pacific Region of WHO,Eastern Asia,2006,4,2006-01-23,2006-01-29,74,,10,,1,85,,,48,48,133,
China,Western Pacific Region of WHO,Eastern Asia,2006,5,2006-01-30,2006-02-05,61,,5,,4,70,,,66,66,136,
China,Western Pacific Region of WHO,Eastern Asia,2006,6,2006-02-06,2006-02-12,91,,7,,2,100,,,113,113,213,
China,Western Pacific Region of WHO,Eastern Asia,2006,7,2006-02-13,2006-02-19,99,,13,,3,115,,,93,93,208,
China,Western Pacific Region of WHO,Eastern Asia,2006,8,2006-02-20,2006-02-26,110,,14,,1,125,,,172,172,297,
China,Western Pacific Region of WHO,Eastern Asia,2006,9,2006-02-27,2006-03-05,108,,11,,6,125,,,216,216,341,
China,Western Pacific Region of WHO,Eastern Asia,2006,10,2006-03-06,2006-03-12,126,,7,,5,138,,,222,222,360,
China,Western Pacific Region of WHO,Eastern Asia,2006,11,2006-03-13,2006-03-19,101,,17,,2,120,,,288,288,408,
China,Western Pacific Region of WHO,Eastern Asia,2006,12,2006-03-20,2006-03-26,114,,8,,4,126,,,247,247,373,
China,Western Pacific Region of WHO,Eastern Asia,2006,13,2006-03-27,2006-04-02,113,,4,,2,119,,,230,230,349,
China,Western Pacific Region of WHO,Eastern Asia,2006,14,2006-04-03,2006-04-09,83,,3,,4,90,,,54,54,144,
China,Western Pacific Region of WHO,Eastern Asia,2006,15,2006-04-10,2006-04-16,24,,1,,9,34,,,21,21,55,
China,Western Pacific Region of WHO,Eastern Asia,2006,16,2006-04-17,2006-04-23,45,,0,,2,47,,,15,15,62,
China,Western Pacific Region of WHO,Eastern Asia,2006,17,2006-04-24,2006-04-30,29,,2,,4,35,,,18,18,53,
China,Western Pacific Region of WHO,Eastern Asia,2006,18,2006-05-01,2006-05-07,37,,0,,2,39,,,15,15,54,
China,Western Pacific Region of WHO,Eastern Asia,2006,19,2006-05-08,2006-05-14,43,,0,,10,53,,,16,16,69,
China,Western Pacific Region of WHO,Eastern Asia,2006,20,2006-05-15,2006-05-21,55,,0,,3,58,,,7,7,65,
China,Western Pacific Region of WHO,Eastern Asia,2006,21,2006-05-22,2006-05-28,77,,0,,4,81,,,7,7,88,
China,Western Pacific Region of WHO,Eastern Asia,2006,22,2006-05-29,2006-06-04,63,,0,,0,63,,,4,4,67,
China,Western Pacific Region of WHO,Eastern Asia,2006,23,2006-06-05,2006-06-11,96,,0,,5,101,,,4,4,105,
China,Western Pacific Region of WHO,Eastern Asia,2006,24,2006-06-12,2006-06-18,125,,2,,5,132,,,6,6,138,
China,Western Pacific Region of WHO,Eastern Asia,2006,25,2006-06-19,2006-06-25,212,,0,,4,216,,,6,6,222,
China,Western Pacific Region of WHO,Eastern Asia,2006,26,2006-06-26,2006-07-02,331,,1,,43,375,,,9,9,384,
China,Western Pacific Region of WHO,Eastern Asia,2006,27,2006-07-03,2006-07-09,221,,1,,15,237,,,5,5,242,
China,Western Pacific Region of WHO,Eastern Asia,2006,28,2006-07-10,2006-07-16,199,,4,,12,215,,,2,2,217,
China,Western Pacific Region of WHO,Eastern Asia,2006,29,2006-07-17,2006-07-23,158,,4,,15,177,,,5,5,182,
China,Western Pacific Region of WHO,Eastern Asia,2006,30,2006-07-24,2006-07-30,90,,3,,6,99,,,7,7,106,
China,Western Pacific Region of WHO,Eastern Asia,2006,31,2006-07-31,2006-08-06,44,,3,,5,52,,,1,1,53,
China,Western Pacific Region of WHO,Eastern Asia,2006,32,2006-08-07,2006-08-13,41,,6,,4,51,,,4,4,55,
China,Western Pacific Region of WHO,Eastern Asia,2006,33,2006-08-14,2006-08-20,17,,4,,6,27,,,5,5,32,
China,Western Pacific Region of WHO,Eastern Asia,2006,34,2006-08-21,2006-08-27,17,,7,,5,29,,,1,1,30,
China,Western Pacific Region of WHO,Eastern Asia,2006,35,2006-08-28,2006-09-03,13,,3,,4,20,,,2,2,22,
China,Western Pacific Region of WHO,Eastern Asia,2006,36,2006-09-04,2006-09-10,10,,7,,2,19,,,1,1,20,
China,Western Pacific Region of WHO,Eastern Asia,2006,37,2006-09-11,2006-09-17,18,,23,,4,45,,,2,2,47,
China,Western Pacific Region of WHO,Eastern Asia,2006,38,2006-09-18,2006-09-24,12,,19,,2,33,,,4,4,37,
China,Western Pacific Region of WHO,Eastern Asia,2006,39,2006-09-25,2006-10-01,28,,25,,5,58,,,9,9,67,
China,Western Pacific Region of WHO,Eastern Asia,2006,40,2006-10-02,2006-10-08,13,,10,,2,25,,,3,3,28,
China,Western Pacific Region of WHO,Eastern Asia,2006,41,2006-10-09,2006-10-15,11,,13,,5,29,,,15,15,44,
China,Western Pacific Region of WHO,Eastern Asia,2006,42,2006-10-16,2006-10-22,11,,5,,14,30,,,2,2,32,
China,Western Pacific Region of WHO,Eastern Asia,2006,43,2006-10-23,2006-10-29,6,,4,,2,12,,,5,5,17,
China,Western Pacific Region of WHO,Eastern Asia,2006,44,2006-10-30,2006-11-05,10,,2,,4,16,,,11,11,27,
China,Western Pacific Region of WHO,Eastern Asia,2006,45,2006-11-06,2006-11-12,3,,2,,2,7,,,1,1,8,
China,Western Pacific Region of WHO,Eastern Asia,2006,46,2006-11-13,2006-11-19,6,,1,,2,9,,,4,4,13,
China,Western Pacific Region of WHO,Eastern Asia,2006,47,2006-11-20,2006-11-26,12,,6,,4,22,,,4,4,26,
China,Western Pacific Region of WHO,Eastern Asia,2006,48,2006-11-27,2006-12-03,13,,16,,1,30,,,10,10,40,
China,Western Pacific Region of WHO,Eastern Asia,2006,49,2006-12-04,2006-12-10,22,,47,,3,72,,,18,18,90,
China,Western Pacific Region of WHO,Eastern Asia,2006,50,2006-12-11,2006-12-17,54,,41,,2,97,,,20,20,117,
China,Western Pacific Region of WHO,Eastern Asia,2006,51,2006-12-18,2006-12-24,53,,87,,2,142,,,31,31,173,
China,Western Pacific Region of WHO,Eastern Asia,2006,52,2006-12-25,2006-12-31,74,,174,,1,249,,,41,41,290,
China,Western Pacific Region of WHO,Eastern Asia,2007,1,2007-01-01,2007-01-07,66,,128,,1,195,,,32,32,227,
China,Western Pacific Region of WHO,Eastern Asia,2007,2,2007-01-08,2007-01-14,109,,313,,7,429,,,68,68,497,
China,Western Pacific Region of WHO,Eastern Asia,2007,3,2007-01-15,2007-01-21,103,,373,,9,485,,,49,49,534,
China,Western Pacific Region of WHO,Eastern Asia,2007,4,2007-01-22,2007-01-28,75,,326,,4,405,,,55,55,460,
China,Western Pacific Region of WHO,Eastern Asia,2007,5,2007-01-29,2007-02-04,33,,300,,11,344,,,41,41,385,
China,Western Pacific Region of WHO,Eastern Asia,2007,6,2007-02-05,2007-02-11,29,,275,,6,310,,,32,32,342,
China,Western Pacific Region of WHO,Eastern Asia,2007,7,2007-02-12,2007-02-18,17,,233,,14,264,,,39,39,303,
China,Western Pacific Region of WHO,Eastern Asia,2007,8,2007-02-19,2007-02-25,9,,129,,11,149,,,15,15,164,
China,Western Pacific Region of WHO,Eastern Asia,2007,9,2007-02-26,2007-03-04,11,,321,,20,352,,,33,33,385,
China,Western Pacific Region of WHO,Eastern Asia,2007,10,2007-03-05,2007-03-11,17,,345,,30,392,,,39,39,431,
China,Western Pacific Region of WHO,Eastern Asia,2007,11,2007-03-12,2007-03-18,12,,312,,10,334,,,107,107,441,
China,Western Pacific Region of WHO,Eastern Asia,2007,12,2007-03-19,2007-03-25,10,,290,,7,307,,,84,84,391,
China,Western Pacific Region of WHO,Eastern Asia,2007,13,2007-03-26,2007-04-01,19,,226,,10,255,,,77,77,332,
China,Western Pacific Region of WHO,Eastern Asia,2007,14,2007-04-02,2007-04-08,2,,143,,3,148,,,45,45,193,
China,Western Pacific Region of WHO,Eastern Asia,2007,15,2007-04-09,2007-04-15,0,,82,,10,92,,,25,25,117,
China,Western Pacific Region of WHO,Eastern Asia,2007,16,2007-04-16,2007-04-22,1,,108,,10,119,,,43,43,162,
China,Western Pacific Region of WHO,Eastern Asia,2007,17,2007-04-23,2007-04-29,0,,92,,3,95,,,36,36,131,
China,Western Pacific Region of WHO,Eastern Asia,2007,18,2007-04-30,2007-05-06,0,,66,,0,66,,,36,36,102,
China,Western Pacific Region of WHO,Eastern Asia,2007,19,2007-05-07,2007-05-13,4,,74,,10,88,,,41,41,129,
China,Western Pacific Region of WHO,Eastern Asia,2007,20,2007-05-14,2007-05-20,1,,39,,3,43,,,52,52,95,
China,Western Pacific Region of WHO,Eastern Asia,2007,21,2007-05-21,2007-05-27,1,,22,,6,29,,,31,31,60,
China,Western Pacific Region of WHO,Eastern Asia,2007,22,2007-05-28,2007-06-03,2,,43,,8,53,,,28,28,81,
China,Western Pacific Region of WHO,Eastern Asia,2007,23,2007-06-04,2007-06-10,1,,45,,2,48,,,27,27,75,
China,Western Pacific Region of WHO,Eastern Asia,2007,24,2007-06-11,2007-06-17,2,,56,,3,61,,,44,44,105,
China,Western Pacific Region of WHO,Eastern Asia,2007,25,2007-06-18,2007-06-24,0,,130,,4,134,,,42,42,176,
China,Western Pacific Region of WHO,Eastern Asia,2007,26,2007-06-25,2007-07-01,3,,274,,6,283,,,74,74,357,
China,Western Pacific Region of WHO,Eastern Asia,2007,27,2007-07-02,2007-07-08,1,,373,,4,378,,,46,46,424,
China,Western Pacific Region of WHO,Eastern Asia,2007,28,2007-07-09,2007-07-15,9,,395,,9,413,,,86,86,499,
China,Western Pacific Region of WHO,Eastern Asia,2007,29,2007-07-16,2007-07-22,3,,336,,16,355,,,80,80,435,
China,Western Pacific Region of WHO,Eastern Asia,2007,30,2007-07-23,2007-07-29,0,,172,,15,187,,,53,53,240,
China,Western Pacific Region of WHO,Eastern Asia,2007,31,2007-07-30,2007-08-05,5,,134,,10,149,,,43,43,192,
China,Western Pacific Region of WHO,Eastern Asia,2007,32,2007-08-06,2007-08-12,4,,62,,11,77,,,39,39,116,
China,Western Pacific Region of WHO,Eastern Asia,2007,33,2007-08-13,2007-08-19,2,,25,,11,38,,,31,31,69,
China,Western Pacific Region of WHO,Eastern Asia,2007,34,2007-08-20,2007-08-26,5,,11,,3,19,,,41,41,60,
China,Western Pacific Region of WHO,Eastern Asia,2007,35,2007-08-27,2007-09-02,2,,18,,4,24,,,28,28,52,
China,Western Pacific Region of WHO,Eastern Asia,2007,36,2007-09-03,2007-09-09,3,,20,,3,26,,,36,36,62,
China,Western Pacific Region of WHO,Eastern Asia,2007,37,2007-09-10,2007-09-16,4,,18,,4,26,,,23,23,49,
China,Western Pacific Region of WHO,Eastern Asia,2007,38,2007-09-17,2007-09-23,1,,12,,3,16,,,22,22,38,
China,Western Pacific Region of WHO,Eastern Asia,2007,39,2007-09-24,2007-09-30,4,,11,,0,15,,,19,19,34,
China,Western Pacific Region of WHO,Eastern Asia,2007,40,2007-10-01,2007-10-07,3,,11,,1,15,,,29,29,44,
China,Western Pacific Region of WHO,Eastern Asia,2007,41,2007-10-08,2007-10-14,4,,13,,2,19,,,34,34,53,
China,Western Pacific Region of WHO,Eastern Asia,2007,42,2007-10-15,2007-10-21,1,,30,,2,33,,,40,40,73,
China,Western Pacific Region of WHO,Eastern Asia,2007,43,2007-10-22,2007-10-28,3,,7,,0,10,,,33,33,43,
China,Western Pacific Region of WHO,Eastern Asia,2007,44,2007-10-29,2007-11-04,2,,10,,2,14,,,32,32,46,
China,Western Pacific Region of WHO,Eastern Asia,2007,45,2007-11-05,2007-11-11,2,,21,,1,24,,,55,55,79,
China,Western Pacific Region of WHO,Eastern Asia,2007,46,2007-11-12,2007-11-18,6,,4,,6,16,,,44,44,60,
China,Western Pacific Region of WHO,Eastern Asia,2007,47,2007-11-19,2007-11-25,6,,8,,3,17,,,51,51,68,
China,Western Pacific Region of WHO,Eastern Asia,2007,48,2007-11-26,2007-12-02,0,,0,,4,4,,,32,32,36,
China,Western Pacific Region of WHO,Eastern Asia,2007,49,2007-12-03,2007-12-09,1,,19,,1,21,,,84,84,105,
China,Western Pacific Region of WHO,Eastern Asia,2007,50,2007-12-10,2007-12-16,0,,26,,3,29,,,141,141,170,
China,Western Pacific Region of WHO,Eastern Asia,2007,51,2007-12-17,2007-12-23,1,,15,,2,18,,,124,124,142,
China,Western Pacific Region of WHO,Eastern Asia,2007,52,2007-12-24,2007-12-30,4,,10,,2,16,,,43,43,59,
China,Western Pacific Region of WHO,Eastern Asia,2008,1,2007-12-31,2008-01-06,3,,39,,2,44,,,56,56,100,
China,Western Pacific Region of WHO,Eastern Asia,2008,2,2008-01-07,2008-01-13,8,,58,,2,68,,,206,206,274,
China,Western Pacific Region of WHO,Eastern Asia,2008,3,2008-01-14,2008-01-20,12,,51,,2,65,,,137,137,202,
China,Western Pacific Region of WHO,Eastern Asia,2008,4,2008-01-21,2008-01-27,17,,32,,1,50,,,136,136,186,
China,Western Pacific Region of WHO,Eastern Asia,2008,5,2008-01-28,2008-02-03,32,,38,,2,72,,,64,64,136,
China,Western Pacific Region of WHO,Eastern Asia,2008,6,2008-02-04,2008-02-10,16,,7,,1,24,,,22,22,46,
China,Western Pacific Region of WHO,Eastern Asia,2008,7,2008-02-11,2008-02-17,53,,35,,3,91,,,92,92,183,
China,Western Pacific Region of WHO,Eastern Asia,2008,8,2008-02-18,2008-02-24,56,,82,,2,140,,,135,135,275,
China,Western Pacific Region of WHO,Eastern Asia,2008,9,2008-02-25,2008-03-02,50,,62,,8,120,,,192,192,312,
China,Western Pacific Region of WHO,Eastern Asia,2008,10,2008-03-03,2008-03-09,106,,111,,11,228,,,201,201,429,
China,Western Pacific Region of WHO,Eastern Asia,2008,11,2008-03-10,2008-03-16,130,,102,,15,247,,,326,326,573,
China,Western Pacific Region of WHO,Eastern Asia,2008,12,2008-03-17,2008-03-23,108,,99,,10,217,,,284,284,501,
China,Western Pacific Region of WHO,Eastern Asia,2008,13,2008-03-24,2008-03-30,62,,52,,12,126,,,189,189,315,
China,Western Pacific Region of WHO,Eastern Asia,2008,14,2008-03-31,2008-04-06,30,,58,,5,93,,,104,104,197,
China,Western Pacific Region of WHO,Eastern Asia,2008,15,2008-04-07,2008-04-13,12,,12,,7,31,,,42,42,73,
China,Western Pacific Region of WHO,Eastern Asia,2008,16,2008-04-14,2008-04-20,17,,22,,4,43,,,39,39,82,
China,Western Pacific Region of WHO,Eastern Asia,2008,17,2008-04-21,2008-04-27,14,,21,,11,46,,,35,35,81,
China,Western Pacific Region of WHO,Eastern Asia,2008,18,2008-04-28,2008-05-04,9,,28,,1,38,,,19,19,57,
China,Western Pacific Region of WHO,Eastern Asia,2008,19,2008-05-05,2008-05-11,8,,18,,4,30,,,13,13,43,
China,Western Pacific Region of WHO,Eastern Asia,2008,20,2008-05-12,2008-05-18,3,,13,,5,21,11,1,1,13,34,
China,Western Pacific Region of WHO,Eastern Asia,2008,21,2008-05-19,2008-05-25,7,,23,,3,33,12,1,2,15,48,
China,Western Pacific Region of WHO,Eastern Asia,2008,22,2008-05-26,2008-06-01,5,,12,,3,20,17,2,0,19,39,
China,Western Pacific Region of WHO,Eastern Asia,2008,23,2008-06-02,2008-06-08,5,,7,,4,16,10,2,1,13,29,
China,Western Pacific Region of WHO,Eastern Asia,2008,24,2008-06-09,2008-06-15,4,,15,,0,19,7,1,0,8,27,
China,Western Pacific Region of WHO,Eastern Asia,2008,25,2008-06-16,2008-06-22,12,,15,,0,27,13,0,2,15,42,
China,Western Pacific Region of WHO,Eastern Asia,2008,26,2008-06-23,2008-06-29,22,,24,,2,48,13,0,1,14,62,
China,Western Pacific Region of WHO,Eastern Asia,2008,27,2008-06-30,2008-07-06,25,,34,,2,61,13,1,0,14,75,
China,Western Pacific Region of WHO,Eastern Asia,2008,28,2008-07-07,2008-07-13,31,,27,,2,60,13,0,0,13,73,
China,Western Pacific Region of WHO,Eastern Asia,2008,29,2008-07-14,2008-07-20,66,,69,,1,136,11,0,1,12,148,
China,Western Pacific Region of WHO,Eastern Asia,2008,30,2008-07-21,2008-07-27,117,,93,,1,211,21,3,0,24,235,
China,Western Pacific Region of WHO,Eastern Asia,2008,31,2008-07-28,2008-08-03,164,,112,,1,277,23,2,1,26,303,
China,Western Pacific Region of WHO,Eastern Asia,2008,32,2008-08-04,2008-08-10,153,,174,,2,329,19,7,0,26,355,
China,Western Pacific Region of WHO,Eastern Asia,2008,33,2008-08-11,2008-08-17,98,,105,,7,210,14,0,1,15,225,
China,Western Pacific Region of WHO,Eastern Asia,2008,34,2008-08-18,2008-08-24,64,,89,,3,156,11,1,1,13,169,
China,Western Pacific Region of WHO,Eastern Asia,2008,35,2008-08-25,2008-08-31,66,,98,,4,168,7,0,0,7,175,
China,Western Pacific Region of WHO,Eastern Asia,2008,36,2008-09-01,2008-09-07,30,,56,,3,89,1,5,1,7,96,
China,Western Pacific Region of WHO,Eastern Asia,2008,37,2008-09-08,2008-09-14,20,,51,,1,72,5,3,0,8,80,
China,Western Pacific Region of WHO,Eastern Asia,2008,38,2008-09-15,2008-09-21,11,,33,,3,47,5,1,0,6,53,
China,Western Pacific Region of WHO,Eastern Asia,2008,39,2008-09-22,2008-09-28,26,,33,,3,62,6,2,0,8,70,
China,Western Pacific Region of WHO,Eastern Asia,2008,40,2008-09-29,2008-10-05,24,,31,,2,57,4,2,0,6,63,
China,Western Pacific Region of WHO,Eastern Asia,2008,41,2008-10-06,2008-10-12,33,,28,,4,65,1,2,2,5,70,
China,Western Pacific Region of WHO,Eastern Asia,2008,42,2008-10-13,2008-10-19,26,,18,,2,46,0,8,1,9,55,
China,Western Pacific Region of WHO,Eastern Asia,2008,43,2008-10-20,2008-10-26,24,,8,,3,35,2,4,0,6,41,
China,Western Pacific Region of WHO,Eastern Asia,2008,44,2008-10-27,2008-11-02,41,,5,,2,48,4,12,9,25,73,
China,Western Pacific Region of WHO,Eastern Asia,2008,45,2008-11-03,2008-11-09,38,,5,,1,44,1,12,0,13,57,
China,Western Pacific Region of WHO,Eastern Asia,2008,46,2008-11-10,2008-11-16,55,,10,,3,68,4,7,0,11,79,
China,Western Pacific Region of WHO,Eastern Asia,2008,47,2008-11-17,2008-11-23,65,,14,,3,82,3,9,2,14,96,
China,Western Pacific Region of WHO,Eastern Asia,2008,48,2008-11-24,2008-11-30,124,,12,,3,139,0,19,2,21,160,
China,Western Pacific Region of WHO,Eastern Asia,2008,49,2008-12-01,2008-12-07,127,,7,,1,135,1,16,4,21,156,
China,Western Pacific Region of WHO,Eastern Asia,2008,50,2008-12-08,2008-12-14,172,,11,,1,184,6,15,2,23,207,
China,Western Pacific Region of WHO,Eastern Asia,2008,51,2008-12-15,2008-12-21,224,,7,,0,231,6,26,2,34,265,
China,Western Pacific Region of WHO,Eastern Asia,2008,52,2008-12-22,2008-12-28,230,,14,,0,244,16,32,4,52,296,
China,Western Pacific Region of WHO,Eastern Asia,2009,1,2008-12-29,2009-01-04,175,,13,,0,188,6,36,2,44,232,
China,Western Pacific Region of WHO,Eastern Asia,2009,2,2009-01-05,2009-01-11,215,,31,,1,247,8,53,0,61,308,
China,Western Pacific Region of WHO,Eastern Asia,2009,3,2009-01-12,2009-01-18,271,,35,,4,310,10,27,1,38,348,
China,Western Pacific Region of WHO,Eastern Asia,2009,4,2009-01-19,2009-01-25,224,,36,,2,262,5,23,1,29,291,
China,Western Pacific Region of WHO,Eastern Asia,2009,5,2009-01-26,2009-02-01,180,,40,,0,220,6,18,0,24,244,
China,Western Pacific Region of WHO,Eastern Asia,2009,6,2009-02-02,2009-02-08,262,,48,,1,311,7,28,2,37,348,
China,Western Pacific Region of WHO,Eastern Asia,2009,7,2009-02-09,2009-02-15,342,,101,,2,445,9,19,0,28,473,
China,Western Pacific Region of WHO,Eastern Asia,2009,8,2009-02-16,2009-02-22,355,,68,,5,428,11,33,0,44,472,
China,Western Pacific Region of WHO,Eastern Asia,2009,9,2009-02-23,2009-03-01,258,,86,,6,350,13,46,17,76,426,
China,Western Pacific Region of WHO,Eastern Asia,2009,10,2009-03-02,2009-03-08,247,,80,,0,327,13,49,17,79,406,
China,Western Pacific Region of WHO,Eastern Asia,2009,11,2009-03-09,2009-03-15,171,,47,,4,222,4,103,8,115,337,
China,Western Pacific Region of WHO,Eastern Asia,2009,12,2009-03-16,2009-03-22,117,,50,,3,170,11,103,10,124,294,
China,Western Pacific Region of WHO,Eastern Asia,2009,13,2009-03-23,2009-03-29,64,,33,,5,102,4,66,0,70,172,
China,Western Pacific Region of WHO,Eastern Asia,2009,14,2009-03-30,2009-04-05,62,,39,,3,104,6,92,11,109,213,
China,Western Pacific Region of WHO,Eastern Asia,2009,15,2009-04-06,2009-04-12,49,,25,,0,74,7,74,3,84,158,
China,Western Pacific Region of WHO,Eastern Asia,2009,16,2009-04-13,2009-04-19,48,,16,,0,64,4,98,18,120,184,
China,Western Pacific Region of WHO,Eastern Asia,2009,17,2009-04-20,2009-04-26,27,,22,,1,50,7,82,4,93,143,
China,Western Pacific Region of WHO,Eastern Asia,2009,18,2009-04-27,2009-05-03,31,1,23,,2,57,3,105,46,154,211,
China,Western Pacific Region of WHO,Eastern Asia,2009,19,2009-05-04,2009-05-10,28,,29,,4,61,6,83,16,105,166,
China,Western Pacific Region of WHO,Eastern Asia,2009,20,2009-05-11,2009-05-17,15,2,41,,0,58,9,59,33,101,159,
China,Western Pacific Region of WHO,Eastern Asia,2009,21,2009-05-18,2009-05-24,17,4,41,,1,63,1,57,43,101,164,
China,Western Pacific Region of WHO,Eastern Asia,2009,22,2009-05-25,2009-05-31,8,16,38,,4,66,1,14,1,16,82,
China,Western Pacific Region of WHO,Eastern Asia,2009,23,2009-06-01,2009-06-07,6,15,46,,7,74,0,5,0,5,79,
China,Western Pacific Region of WHO,Eastern Asia,2009,24,2009-06-08,2009-06-14,7,29,60,,4,100,1,11,0,12,112,
China,Western Pacific Region of WHO,Eastern Asia,2009,25,2009-06-15,2009-06-21,50,220,99,0,16,385,6,44,42,92,477,
China,Western Pacific Region of WHO,Eastern Asia,2009,26,2009-06-22,2009-06-28,68,378,235,0,34,715,6,26,28,60,775,
China,Western Pacific Region of WHO,Eastern Asia,2009,27,2009-06-29,2009-07-05,102,258,283,0,51,694,10,19,23,52,746,
China,Western Pacific Region of WHO,Eastern Asia,2009,28,2009-07-06,2009-07-12,123,317,433,0,63,936,3,12,44,59,995,
China,Western Pacific Region of WHO,Eastern Asia,2009,29,2009-07-13,2009-07-19,144,562,605,0,121,1432,2,28,34,64,1496,
China,Western Pacific Region of WHO,Eastern Asia,2009,30,2009-07-20,2009-07-26,188,901,1027,0,221,2337,10,23,40,73,2410,
China,Western Pacific Region of WHO,Eastern Asia,2009,31,2009-07-27,2009-08-02,188,1391,1253,0,292,3124,9,16,45,70,3194,
China,Western Pacific Region of WHO,Eastern Asia,2009,32,2009-08-03,2009-08-09,72,25,417,0,395,909,2,0,57,59,968,
China,Western Pacific Region of WHO,Eastern Asia,2009,33,2009-08-10,2009-08-16,168,1496,1138,0,333,3135,11,19,35,65,3200,
China,Western Pacific Region of WHO,Eastern Asia,2009,34,2009-08-17,2009-08-23,173,2124,1369,0,430,4096,14,6,58,78,4174,
China,Western Pacific Region of WHO,Eastern Asia,2009,35,2009-08-24,2009-08-30,263,2631,1741,0,700,5335,10,15,65,90,5425,
China,Western Pacific Region of WHO,Eastern Asia,2009,36,2009-08-31,2009-09-06,268,2710,1585,0,770,5333,20,15,73,108,5441,
China,Western Pacific Region of WHO,Eastern Asia,2009,37,2009-09-07,2009-09-13,289,4142,1766,0,1083,7280,20,18,151,189,7469,
China,Western Pacific Region of WHO,Eastern Asia,2009,38,2009-09-14,2009-09-20,172,4242,989,0,807,6210,11,8,84,103,6313,
China,Western Pacific Region of WHO,Eastern Asia,2009,39,2009-09-21,2009-09-27,118,5383,680,0,622,6803,8,5,61,74,6877,
China,Western Pacific Region of WHO,Eastern Asia,2009,40,2009-09-28,2009-10-04,53,2027,386,0,396,2862,10,3,64,77,2939,
China,Western Pacific Region of WHO,Eastern Asia,2009,41,2009-10-05,2009-10-11,43,1097,218,0,289,1647,13,0,42,55,1702,
China,Western Pacific Region of WHO,Eastern Asia,2009,42,2009-10-12,2009-10-18,40,1901,260,0,315,2516,11,3,57,71,2587,
China,Western Pacific Region of WHO,Eastern Asia,2009,43,2009-10-19,2009-10-25,22,2271,201,0,325,2819,12,0,59,71,2890,
China,Western Pacific Region of WHO,Eastern Asia,2009,44,2009-10-26,2009-11-01,48,3028,147,0,364,3587,5,0,62,67,3654,
China,Western Pacific Region of WHO,Eastern Asia,2009,45,2009-11-02,2009-11-08,27,4394,200,0,413,5034,1,1,47,49,5083,
China,Western Pacific Region of WHO,Eastern Asia,2009,46,2009-11-09,2009-11-15,24,2896,73,0,221,3214,0,0,28,28,3242,
China,Western Pacific Region of WHO,Eastern Asia,2009,47,2009-11-16,2009-11-22,27,5087,136,0,353,5603,3,0,41,44,5647,
China,Western Pacific Region of WHO,Eastern Asia,2009,48,2009-11-23,2009-11-29,13,3808,76,0,250,4147,1,0,31,32,4179,
China,Western Pacific Region of WHO,Eastern Asia,2009,49,2009-11-30,2009-12-06,13,3007,64,0,191,3275,1,0,49,50,3325,
China,Western Pacific Region of WHO,Eastern Asia,2009,50,2009-12-07,2009-12-13,22,3511,112,0,275,3920,0,2,136,138,4058,
China,Western Pacific Region of WHO,Eastern Asia,2009,51,2009-12-14,2009-12-20,9,2812,97,0,239,3157,1,0,174,175,3332,
China,Western Pacific Region of WHO,Eastern Asia,2009,52,2009-12-21,2009-12-27,10,2268,78,0,164,2520,6,19,343,368,2888,
China,Western Pacific Region of WHO,Eastern Asia,2009,53,2009-12-28,2010-01-03,10,1678,67,0,184,1939,8,40,443,491,2430,
China,Western Pacific Region of WHO,Eastern Asia,2010,1,2010-01-04,2010-01-10,10,1218,62,0,145,1435,14,78,652,744,2179,
China,Western Pacific Region of WHO,Eastern Asia,2010,2,2010-01-11,2010-01-17,9,927,47,0,143,1126,14,77,996,1087,2213,
China,Western Pacific Region of WHO,Eastern Asia,2010,3,2010-01-18,2010-01-24,9,638,53,0,105,805,7,33,1383,1423,2228,
China,Western Pacific Region of WHO,Eastern Asia,2010,4,2010-01-25,2010-01-31,10,459,24,0,78,571,4,54,1398,1456,2027,
China,Western Pacific Region of WHO,Eastern Asia,2010,5,2010-02-01,2010-02-07,6,299,32,0,61,398,34,124,1257,1415,1813,
China,Western Pacific Region of WHO,Eastern Asia,2010,6,2010-02-08,2010-02-14,6,180,18,0,56,260,28,125,940,1093,1353,
China,Western Pacific Region of WHO,Eastern Asia,2010,7,2010-02-15,2010-02-21,3,71,12,0,36,122,10,46,621,677,799,
China,Western Pacific Region of WHO,Eastern Asia,2010,8,2010-02-22,2010-02-28,5,102,25,0,57,189,30,127,872,1029,1218,
China,Western Pacific Region of WHO,Eastern Asia,2010,9,2010-03-01,2010-03-07,3,189,20,0,61,273,36,110,914,1060,1333,
China,Western Pacific Region of WHO,Eastern Asia,2010,10,2010-03-08,2010-03-14,5,209,23,0,60,297,28,148,1141,1317,1614,
China,Western Pacific Region of WHO,Eastern Asia,2010,11,2010-03-15,2010-03-21,6,159,14,0,70,249,28,244,1224,1496,1745,
China,Western Pacific Region of WHO,Eastern Asia,2010,12,2010-03-22,2010-03-28,3,153,13,0,44,213,34,226,1075,1335,1548,
China,Western Pacific Region of WHO,Eastern Asia,2010,13,2010-03-29,2010-04-04,4,97,18,0,25,144,37,241,966,1244,1388,
China,Western Pacific Region of WHO,Eastern Asia,2010,14,2010-04-05,2010-04-11,5,51,14,0,21,91,18,81,653,752,843,
China,Western Pacific Region of WHO,Eastern Asia,2010,15,2010-04-12,2010-04-18,1,47,9,0,16,73,22,81,459,562,635,
China,Western Pacific Region of WHO,Eastern Asia,2010,16,2010-04-19,2010-04-25,1,40,13,0,21,75,33,87,521,641,716,
China,Western Pacific Region of WHO,Eastern Asia,2010,17,2010-04-26,2010-05-02,2,36,6,0,14,58,23,125,396,544,602,
China,Western Pacific Region of WHO,Eastern Asia,2010,18,2010-05-03,2010-05-09,8,40,6,0,7,61,38,113,317,468,529,
China,Western Pacific Region of WHO,Eastern Asia,2010,19,2010-05-10,2010-05-16,9,51,13,0,17,90,23,73,248,344,434,
China,Western Pacific Region of WHO,Eastern Asia,2010,20,2010-05-17,2010-05-23,4,27,10,0,22,63,246,55,4,305,368,
China,Western Pacific Region of WHO,Eastern Asia,2010,21,2010-05-24,2010-05-30,7,28,4,0,19,58,28,60,168,256,314,
China,Western Pacific Region of WHO,Eastern Asia,2010,22,2010-05-31,2010-06-06,6,22,2,1,17,48,17,32,128,177,225,
China,Western Pacific Region of WHO,Eastern Asia,2010,23,2010-06-07,2010-06-13,7,31,4,0,30,72,11,34,121,166,238,
China,Western Pacific Region of WHO,Eastern Asia,2010,24,2010-06-14,2010-06-20,0,15,4,0,11,30,14,11,63,88,118,
China,Western Pacific Region of WHO,Eastern Asia,2010,25,2010-06-21,2010-06-27,1,24,8,0,24,57,25,16,87,128,185,
China,Western Pacific Region of WHO,Eastern Asia,2010,26,2010-06-28,2010-07-04,2,32,20,0,33,87,12,15,88,115,202,
China,Western Pacific Region of WHO,Eastern Asia,2010,27,2010-07-05,2010-07-11,1,55,44,0,24,124,28,12,98,138,262,
China,Western Pacific Region of WHO,Eastern Asia,2010,28,2010-07-12,2010-07-18,1,66,84,0,33,184,29,20,101,150,334,
China,Western Pacific Region of WHO,Eastern Asia,2010,29,2010-07-19,2010-07-25,1,77,151,0,45,274,40,17,101,158,432,
China,Western Pacific Region of WHO,Eastern Asia,2010,30,2010-07-26,2010-08-01,1,60,164,0,63,288,22,6,97,125,413,
China,Western Pacific Region of WHO,Eastern Asia,2010,31,2010-08-02,2010-08-08,1,92,293,0,119,505,26,10,74,110,615,
China,Western Pacific Region of WHO,Eastern Asia,2010,32,2010-08-09,2010-08-15,0,110,446,0,115,671,32,3,70,105,776,
China,Western Pacific Region of WHO,Eastern Asia,2010,33,2010-08-16,2010-08-22,1,69,494,0,119,683,25,4,70,99,782,
China,Western Pacific Region of WHO,Eastern Asia,2010,34,2010-08-23,2010-08-29,2,72,678,0,187,939,24,4,51,79,1018,
China,Western Pacific Region of WHO,Eastern Asia,2010,35,2010-08-30,2010-09-05,0,59,887,0,182,1128,18,4,61,83,1211,
China,Western Pacific Region of WHO,Eastern Asia,2010,36,2010-09-06,2010-09-12,0,42,1081,0,249,1372,11,3,55,69,1441,
China,Western Pacific Region of WHO,Eastern Asia,2010,37,2010-09-13,2010-09-19,3,25,1176,0,208,1412,6,6,49,61,1473,
China,Western Pacific Region of WHO,Eastern Asia,2010,38,2010-09-20,2010-09-26,2,29,952,0,154,1137,13,1,46,60,1197,
China,Western Pacific Region of WHO,Eastern Asia,2010,39,2010-09-27,2010-10-03,0,16,875,0,101,992,10,7,36,53,1045,
China,Western Pacific Region of WHO,Eastern Asia,2010,40,2010-10-04,2010-10-10,1,25,739,0,79,844,11,5,30,46,890,
China,Western Pacific Region of WHO,Eastern Asia,2010,41,2010-10-11,2010-10-17,1,12,557,0,70,640,4,3,38,45,685,
China,Western Pacific Region of WHO,Eastern Asia,2010,42,2010-10-18,2010-10-24,4,22,380,0,44,450,7,4,47,58,508,
China,Western Pacific Region of WHO,Eastern Asia,2010,43,2010-10-25,2010-10-31,3,43,353,0,51,450,5,6,37,48,498,
China,Western Pacific Region of WHO,Eastern Asia,2010,44,2010-11-01,2010-11-07,1,8,267,0,68,344,7,7,42,56,400,
China,Western Pacific Region of WHO,Eastern Asia,2010,45,2010-11-08,2010-11-14,5,5,273,0,50,333,11,6,39,56,389,
China,Western Pacific Region of WHO,Eastern Asia,2010,46,2010-11-15,2010-11-21,3,13,162,1,13,192,6,1,46,53,245,
China,Western Pacific Region of WHO,Eastern Asia,2010,47,2010-11-22,2010-11-28,6,21,257,0,42,326,4,10,57,71,397,
China,Western Pacific Region of WHO,Eastern Asia,2010,48,2010-11-29,2010-12-05,0,25,292,0,21,338,6,5,51,62,400,
China,Western Pacific Region of WHO,Eastern Asia,2010,49,2010-12-06,2010-12-12,0,22,285,0,49,356,2,9,28,39,395,
China,Western Pacific Region of WHO,Eastern Asia,2010,50,2010-12-13,2010-12-19,0,42,242,0,17,301,3,6,49,58,359,
China,Western Pacific Region of WHO,Eastern Asia,2010,51,2010-12-20,2010-12-26,0,127,357,0,58,542,6,9,45,60,602,
China,Western Pacific Region of WHO,Eastern Asia,2010,52,2010-12-27,2011-01-02,0,203,225,0,35,463,1,14,54,69,532,
China,Western Pacific Region of WHO,Eastern Asia,2011,1,2011-01-03,2011-01-09,0,455,203,0,81,739,1,11,57,69,808,
China,Western Pacific Region of WHO,Eastern Asia,2011,2,2011-01-10,2011-01-16,0,859,156,0,80,1095,5,14,65,84,1179,
China,Western Pacific Region of WHO,Eastern Asia,2011,3,2011-01-17,2011-01-23,0,1399,177,0,85,1661,3,7,68,78,1739,
China,Western Pacific Region of WHO,Eastern Asia,2011,4,2011-01-24,2011-01-30,0,1653,88,0,90,1831,5,27,71,103,1934,
China,Western Pacific Region of WHO,Eastern Asia,2011,5,2011-01-31,2011-02-06,0,1261,68,0,44,1373,6,28,53,87,1460,
China,Western Pacific Region of WHO,Eastern Asia,2011,6,2011-02-07,2011-02-13,0,1308,53,0,44,1405,10,29,103,142,1547,
China,Western Pacific Region of WHO,Eastern Asia,2011,7,2011-02-14,2011-02-20,0,1198,48,0,36,1282,19,32,155,206,1488,
China,Western Pacific Region of WHO,Eastern Asia,2011,8,2011-02-21,2011-02-27,0,796,36,0,36,868,22,21,178,221,1089,
China,Western Pacific Region of WHO,Eastern Asia,2011,9,2011-02-28,2011-03-06,0,604,26,0,22,652,41,41,214,296,948,
China,Western Pacific Region of WHO,Eastern Asia,2011,10,2011-03-07,2011-03-13,0,386,23,0,27,436,18,43,216,277,713,
China,Western Pacific Region of WHO,Eastern Asia,2011,11,2011-03-14,2011-03-20,0,182,13,0,14,209,34,45,260,339,548,
China,Western Pacific Region of WHO,Eastern Asia,2011,12,2011-03-21,2011-03-27,0,77,9,0,16,102,28,47,247,322,424,
China,Western Pacific Region of WHO,Eastern Asia,2011,13,2011-03-28,2011-04-03,0,48,8,0,11,67,25,36,249,310,377,
China,Western Pacific Region of WHO,Eastern Asia,2011,14,2011-04-04,2011-04-10,0,15,1,0,6,22,14,63,202,279,301,
China,Western Pacific Region of WHO,Eastern Asia,2011,15,2011-04-11,2011-04-17,0,16,0,0,4,20,19,46,192,257,277,
China,Western Pacific Region of WHO,Eastern Asia,2011,16,2011-04-18,2011-04-24,0,11,6,0,10,27,18,73,158,249,276,
China,Western Pacific Region of WHO,Eastern Asia,2011,17,2011-04-25,2011-05-01,0,8,1,0,17,26,7,28,116,151,177,
China,Western Pacific Region of WHO,Eastern Asia,2011,18,2011-05-02,2011-05-08,0,1,2,0,5,8,6,31,96,133,141,
China,Western Pacific Region of WHO,Eastern Asia,2011,19,2011-05-09,2011-05-15,0,1,2,0,3,6,12,28,110,150,156,
China,Western Pacific Region of WHO,Eastern Asia,2011,20,2011-05-16,2011-05-22,0,1,1,0,7,9,12,29,95,136,145,
China,Western Pacific Region of WHO,Eastern Asia,2011,21,2011-05-23,2011-05-29,0,0,4,0,3,7,10,20,77,107,114,
China,Western Pacific Region of WHO,Eastern Asia,2011,22,2011-05-30,2011-06-05,0,0,1,0,4,5,16,9,51,76,81,
China,Western Pacific Region of WHO,Eastern Asia,2011,23,2011-06-06,2011-06-12,0,3,6,0,4,13,8,5,34,47,60,
China,Western Pacific Region of WHO,Eastern Asia,2011,24,2011-06-13,2011-06-19,0,3,1,0,5,9,15,9,31,55,64,
China,Western Pacific Region of WHO,Eastern Asia,2011,25,2011-06-20,2011-06-26,0,0,0,0,2,2,6,5,26,37,39,
China,Western Pacific Region of WHO,Eastern Asia,2011,26,2011-06-27,2011-07-03,0,0,4,0,4,8,9,9,27,45,53,
China,Western Pacific Region of WHO,Eastern Asia,2011,27,2011-07-04,2011-07-10,0,5,4,0,1,10,17,7,23,47,57,
China,Western Pacific Region of WHO,Eastern Asia,2011,28,2011-07-11,2011-07-17,0,5,12,0,4,21,12,9,29,50,71,
China,Western Pacific Region of WHO,Eastern Asia,2011,29,2011-07-18,2011-07-24,0,3,7,0,0,10,12,5,37,54,64,
China,Western Pacific Region of WHO,Eastern Asia,2011,30,2011-07-25,2011-07-31,0,2,17,0,4,23,30,1,52,83,106,
China,Western Pacific Region of WHO,Eastern Asia,2011,31,2011-08-01,2011-08-07,0,1,31,0,3,35,28,9,47,84,119,
China,Western Pacific Region of WHO,Eastern Asia,2011,32,2011-08-08,2011-08-14,0,5,29,0,12,46,32,11,32,75,121,
China,Western Pacific Region of WHO,Eastern Asia,2011,33,2011-08-15,2011-08-21,0,2,21,0,6,29,20,9,45,74,103,
China,Western Pacific Region of WHO,Eastern Asia,2011,34,2011-08-22,2011-08-28,0,0,26,0,5,31,13,7,32,52,83,
China,Western Pacific Region of WHO,Eastern Asia,2011,35,2011-08-29,2011-09-04,0,3,31,0,4,38,13,7,50,70,108,
China,Western Pacific Region of WHO,Eastern Asia,2011,36,2011-09-05,2011-09-11,0,3,80,0,4,87,14,3,43,60,147,
China,Western Pacific Region of WHO,Eastern Asia,2011,37,2011-09-12,2011-09-18,0,3,54,0,5,62,6,4,37,47,109,
China,Western Pacific Region of WHO,Eastern Asia,2011,38,2011-09-19,2011-09-25,0,2,74,0,4,80,11,6,32,49,129,
China,Western Pacific Region of WHO,Eastern Asia,2011,39,2011-09-26,2011-10-02,0,1,82,0,3,86,17,6,43,66,152,
China,Western Pacific Region of WHO,Eastern Asia,2011,40,2011-10-03,2011-10-09,0,4,81,0,3,88,7,2,45,54,142,
China,Western Pacific Region of WHO,Eastern Asia,2011,41,2011-10-10,2011-10-16,0,3,102,0,3,108,6,2,30,38,146,
China,Western Pacific Region of WHO,Eastern Asia,2011,42,2011-10-17,2011-10-23,0,2,70,0,4,76,9,3,29,41,117,
China,Western Pacific Region of WHO,Eastern Asia,2011,43,2011-10-24,2011-10-30,0,0,83,0,4,87,10,8,56,74,161,
China,Western Pacific Region of WHO,Eastern Asia,2011,44,2011-10-31,2011-11-06,0,3,68,0,2,73,6,5,70,81,154,
China,Western Pacific Region of WHO,Eastern Asia,2011,45,2011-11-07,2011-11-13,0,1,65,0,8,74,75,12,79,166,240,
China,Western Pacific Region of WHO,Eastern Asia,2011,46,2011-11-14,2011-11-20,0,10,58,0,10,78,7,40,97,144,222,
China,Western Pacific Region of WHO,Eastern Asia,2011,47,2011-11-21,2011-11-27,0,3,58,0,9,70,13,16,112,141,211,
China,Western Pacific Region of WHO,Eastern Asia,2011,48,2011-11-28,2011-12-04,0,0,68,0,9,77,12,22,110,144,221,
China,Western Pacific Region of WHO,Eastern Asia,2011,49,2011-12-05,2011-12-11,0,1,73,0,18,92,12,26,174,212,304,
China,Western Pacific Region of WHO,Eastern Asia,2011,50,2011-12-12,2011-12-18,0,7,66,0,9,82,42,143,243,428,510,
China,Western Pacific Region of WHO,Eastern Asia,2011,51,2011-12-19,2011-12-25,0,15,69,0,5,89,54,139,440,633,722,
China,Western Pacific Region of WHO,Eastern Asia,2011,52,2011-12-26,2012-01-01,0,0,73,0,13,86,32,110,630,772,858,
China,Western Pacific Region of WHO,Eastern Asia,2012,1,2012-01-02,2012-01-08,0,1,109,0,9,119,82,471,503,1056,1175,
China,Western Pacific Region of WHO,Eastern Asia,2012,2,2012-01-09,2012-01-15,0,2,123,0,11,136,119,702,648,1469,1605,
China,Western Pacific Region of WHO,Eastern Asia,2012,3,2012-01-16,2012-01-22,0,2,120,0,10,132,147,542,628,1317,1449,
China,Western Pacific Region of WHO,Eastern Asia,2012,4,2012-01-23,2012-01-29,0,4,92,0,11,107,108,314,348,770,877,
China,Western Pacific Region of WHO,Eastern Asia,2012,5,2012-01-30,2012-02-05,0,1,205,0,20,226,234,656,603,1493,1719,
China,Western Pacific Region of WHO,Eastern Asia,2012,6,2012-02-06,2012-02-12,0,5,203,0,23,231,316,701,736,1753,1984,
China,Western Pacific Region of WHO,Eastern Asia,2012,7,2012-02-13,2012-02-19,0,12,322,0,36,370,385,992,970,2347,2717,
China,Western Pacific Region of WHO,Eastern Asia,2012,8,2012-02-20,2012-02-26,0,3,474,0,44,521,380,1041,1209,2630,3151,
China,Western Pacific Region of WHO,Eastern Asia,2012,9,2012-02-27,2012-03-04,0,3,563,0,45,611,350,870,975,2195,2806,
China,Western Pacific Region of WHO,Eastern Asia,2012,10,2012-03-05,2012-03-11,0,5,704,0,63,772,321,783,865,1969,2741,
China,Western Pacific Region of WHO,Eastern Asia,2012,11,2012-03-12,2012-03-18,0,13,805,0,72,890,265,607,635,1507,2397,
China,Western Pacific Region of WHO,Eastern Asia,2012,12,2012-03-19,2012-03-25,0,5,832,0,74,911,258,367,390,1015,1926,
China,Western Pacific Region of WHO,Eastern Asia,2012,13,2012-03-26,2012-04-01,0,8,881,0,65,954,196,224,298,718,1672,
China,Western Pacific Region of WHO,Eastern Asia,2012,14,2012-04-02,2012-04-08,0,10,513,0,32,555,89,89,120,298,853,
China,Western Pacific Region of WHO,Eastern Asia,2012,15,2012-04-09,2012-04-15,0,13,531,0,25,569,89,45,85,219,788,
China,Western Pacific Region of WHO,Eastern Asia,2012,16,2012-04-16,2012-04-22,0,13,479,0,22,514,35,33,92,160,674,
China,Western Pacific Region of WHO,Eastern Asia,2012,17,2012-04-23,2012-04-29,0,16,448,0,32,496,35,13,32,80,576,
China,Western Pacific Region of WHO,Eastern Asia,2012,18,2012-04-30,2012-05-06,0,11,453,0,21,485,24,10,22,56,541,
China,Western Pacific Region of WHO,Eastern Asia,2012,19,2012-05-07,2012-05-13,0,3,645,0,45,693,17,5,20,42,735,
China,Western Pacific Region of WHO,Eastern Asia,2012,20,2012-05-14,2012-05-20,0,5,802,0,44,851,16,8,12,36,887,
China,Western Pacific Region of WHO,Eastern Asia,2012,21,2012-05-21,2012-05-27,0,3,975,0,29,1007,9,2,24,35,1042,
China,Western Pacific Region of WHO,Eastern Asia,2012,22,2012-05-28,2012-06-03,0,5,797,1,34,837,3,2,9,14,851,
China,Western Pacific Region of WHO,Eastern Asia,2012,23,2012-06-04,2012-06-10,0,2,674,3,25,704,4,3,12,19,723,
China,Western Pacific Region of WHO,Eastern Asia,2012,24,2012-06-11,2012-06-17,0,0,524,0,28,552,11,0,7,18,570,
China,Western Pacific Region of WHO,Eastern Asia,2012,25,2012-06-18,2012-06-24,0,4,444,0,28,476,1,1,9,11,487,
China,Western Pacific Region of WHO,Eastern Asia,2012,26,2012-06-25,2012-07-01,0,4,476,0,48,528,14,1,13,28,556,
China,Western Pacific Region of WHO,Eastern Asia,2012,27,2012-07-02,2012-07-08,0,2,537,0,48,587,1,0,9,10,597,
China,Western Pacific Region of WHO,Eastern Asia,2012,28,2012-07-09,2012-07-15,0,2,563,0,55,620,0,5,4,9,629,
China,Western Pacific Region of WHO,Eastern Asia,2012,29,2012-07-16,2012-07-22,0,2,594,0,39,635,2,5,3,10,645,
China,Western Pacific Region of WHO,Eastern Asia,2012,30,2012-07-23,2012-07-29,0,4,666,0,48,718,3,7,13,23,741,
China,Western Pacific Region of WHO,Eastern Asia,2012,31,2012-07-30,2012-08-05,0,2,605,0,41,648,1,2,8,11,659,
China,Western Pacific Region of WHO,Eastern Asia,2012,32,2012-08-06,2012-08-12,0,0,535,0,32,567,5,3,2,10,577,
China,Western Pacific Region of WHO,Eastern Asia,2012,33,2012-08-13,2012-08-19,0,0,395,0,24,419,2,1,6,9,428,
China,Western Pacific Region of WHO,Eastern Asia,2012,34,2012-08-20,2012-08-26,0,1,340,0,21,362,0,1,13,14,376,
China,Western Pacific Region of WHO,Eastern Asia,2012,35,2012-08-27,2012-09-02,0,0,321,0,22,343,3,2,6,11,354,
China,Western Pacific Region of WHO,Eastern Asia,2012,36,2012-09-03,2012-09-09,0,3,226,0,28,257,0,1,3,4,261,
China,Western Pacific Region of WHO,Eastern Asia,2012,37,2012-09-10,2012-09-16,0,1,190,0,18,209,1,2,9,12,221,
China,Western Pacific Region of WHO,Eastern Asia,2012,38,2012-09-17,2012-09-23,0,0,165,0,9,174,1,3,1,5,179,
China,Western Pacific Region of WHO,Eastern Asia,2012,39,2012-09-24,2012-09-30,0,0,94,0,9,103,5,0,5,10,113,
China,Western Pacific Region of WHO,Eastern Asia,2012,40,2012-10-01,2012-10-07,0,3,41,0,2,46,2,0,2,4,50,
China,Western Pacific Region of WHO,Eastern Asia,2012,41,2012-10-08,2012-10-14,0,2,45,0,3,50,1,1,4,6,56,
China,Western Pacific Region of WHO,Eastern Asia,2012,42,2012-10-15,2012-10-21,0,1,48,0,5,54,1,5,11,17,71,
China,Western Pacific Region of WHO,Eastern Asia,2012,43,2012-10-22,2012-10-28,0,0,52,0,7,59,1,0,13,14,73,
China,Western Pacific Region of WHO,Eastern Asia,2012,44,2012-10-29,2012-11-04,0,1,67,0,7,75,1,3,15,19,94,
China,Western Pacific Region of WHO,Eastern Asia,2012,45,2012-11-05,2012-11-11,0,3,76,0,5,84,0,0,9,9,93,
China,Western Pacific Region of WHO,Eastern Asia,2012,46,2012-11-12,2012-11-18,0,2,123,0,4,129,3,14,18,35,164,
China,Western Pacific Region of WHO,Eastern Asia,2012,47,2012-11-19,2012-11-25,0,10,156,0,10,176,4,2,25,31,207,
China,Western Pacific Region of WHO,Eastern Asia,2012,48,2012-11-26,2012-12-02,0,1,223,0,10,234,3,12,3,18,252,
China,Western Pacific Region of WHO,Eastern Asia,2012,49,2012-12-03,2012-12-09,0,12,309,0,19,340,5,13,18,36,376,
China,Western Pacific Region of WHO,Eastern Asia,2012,50,2012-12-10,2012-12-16,0,39,376,0,26,441,2,12,23,37,478,
China,Western Pacific Region of WHO,Eastern Asia,2012,51,2012-12-17,2012-12-23,0,70,470,0,17,557,11,19,23,53,610,
China,Western Pacific Region of WHO,Eastern Asia,2012,52,2012-12-24,2012-12-30,0,38,474,0,25,537,3,2,23,28,565,
China,Western Pacific Region of WHO,Eastern Asia,2013,1,2012-12-31,2013-01-06,0,21,280,0,40,341,2,0,17,19,360,
China,Western Pacific Region of WHO,Eastern Asia,2013,2,2013-01-07,2013-01-13,0,159,563,0,21,743,10,8,10,28,771,
China,Western Pacific Region of WHO,Eastern Asia,2013,3,2013-01-14,2013-01-20,0,88,497,0,48,633,2,4,15,21,654,
China,Western Pacific Region of WHO,Eastern Asia,2013,4,2013-01-21,2013-01-27,0,765,417,0,55,1237,14,3,16,33,1270,
China,Western Pacific Region of WHO,Eastern Asia,2013,5,2013-01-28,2013-02-03,0,589,282,0,25,896,7,0,19,26,922,
China,Western Pacific Region of WHO,Eastern Asia,2013,6,2013-02-04,2013-02-10,0,320,136,0,19,475,2,0,4,6,481,
China,Western Pacific Region of WHO,Eastern Asia,2013,7,2013-02-11,2013-02-17,0,349,140,0,4,493,1,2,7,10,503,
China,Western Pacific Region of WHO,Eastern Asia,2013,8,2013-02-18,2013-02-24,0,444,127,0,18,589,5,5,7,17,606,
China,Western Pacific Region of WHO,Eastern Asia,2013,9,2013-02-25,2013-03-03,0,597,215,0,11,823,6,4,15,25,848,
China,Western Pacific Region of WHO,Eastern Asia,2013,10,2013-03-04,2013-03-10,0,662,183,0,5,850,9,6,12,27,877,
China,Western Pacific Region of WHO,Eastern Asia,2013,11,2013-03-11,2013-03-17,0,576,141,0,8,725,9,7,11,27,752,
China,Western Pacific Region of WHO,Eastern Asia,2013,12,2013-03-18,2013-03-24,0,572,120,0,0,692,16,2,10,28,720,
China,Western Pacific Region of WHO,Eastern Asia,2013,13,2013-03-25,2013-03-31,0,457,93,0,0,550,8,3,4,15,565,
China,Western Pacific Region of WHO,Eastern Asia,2013,14,2013-04-01,2013-04-07,0,472,92,0,0,564,6,2,12,20,584,
China,Western Pacific Region of WHO,Eastern Asia,2013,15,2013-04-08,2013-04-14,0,567,73,0,0,640,22,5,13,40,680,
China,Western Pacific Region of WHO,Eastern Asia,2013,16,2013-04-15,2013-04-21,0,499,75,0,2,576,9,1,23,33,609,
China,Western Pacific Region of WHO,Eastern Asia,2013,17,2013-04-22,2013-04-28,0,417,69,0,7,493,4,2,28,34,527,
China,Western Pacific Region of WHO,Eastern Asia,2013,18,2013-04-29,2013-05-05,0,338,52,0,5,395,6,9,11,26,421,
China,Western Pacific Region of WHO,Eastern Asia,2013,19,2013-05-06,2013-05-12,0,296,34,0,1,331,2,0,8,10,341,
China,Western Pacific Region of WHO,Eastern Asia,2013,20,2013-05-13,2013-05-19,0,193,31,0,2,226,4,5,13,22,248,
China,Western Pacific Region of WHO,Eastern Asia,2013,21,2013-05-20,2013-05-26,0,226,29,0,2,257,4,4,12,20,277,
China,Western Pacific Region of WHO,Eastern Asia,2013,22,2013-05-27,2013-06-02,0,138,22,0,0,160,5,4,16,25,185,
China,Western Pacific Region of WHO,Eastern Asia,2013,23,2013-06-03,2013-06-09,0,124,37,0,7,168,4,1,18,23,191,
China,Western Pacific Region of WHO,Eastern Asia,2013,24,2013-06-10,2013-06-16,0,123,35,0,0,158,8,4,6,18,176,
China,Western Pacific Region of WHO,Eastern Asia,2013,25,2013-06-17,2013-06-23,0,119,47,0,4,170,7,3,13,23,193,
China,Western Pacific Region of WHO,Eastern Asia,2013,26,2013-06-24,2013-06-30,0,123,50,0,7,180,10,1,21,32,212,
China,Western Pacific Region of WHO,Eastern Asia,2013,27,2013-07-01,2013-07-07,0,111,79,0,5,195,5,1,21,27,222,
China,Western Pacific Region of WHO,Eastern Asia,2013,28,2013-07-08,2013-07-14,0,88,90,0,0,178,7,0,11,18,196,
China,Western Pacific Region of WHO,Eastern Asia,2013,29,2013-07-15,2013-07-21,0,82,108,0,2,192,5,2,14,21,213,
China,Western Pacific Region of WHO,Eastern Asia,2013,30,2013-07-22,2013-07-28,0,77,157,0,0,234,6,1,18,25,259,
China,Western Pacific Region of WHO,Eastern Asia,2013,31,2013-07-29,2013-08-04,0,82,188,0,6,276,5,0,11,16,292,
China,Western Pacific Region of WHO,Eastern Asia,2013,32,2013-08-05,2013-08-11,0,67,203,0,6,276,7,2,15,24,300,
China,Western Pacific Region of WHO,Eastern Asia,2013,33,2013-08-12,2013-08-18,0,72,261,0,3,336,8,0,32,40,376,
China,Western Pacific Region of WHO,Eastern Asia,2013,34,2013-08-19,2013-08-25,0,56,191,0,1,248,9,3,17,29,277,
China,Western Pacific Region of WHO,Eastern Asia,2013,35,2013-08-26,2013-09-01,0,54,227,0,1,282,8,2,21,31,313,
China,Western Pacific Region of WHO,Eastern Asia,2013,36,2013-09-02,2013-09-08,0,53,274,0,5,332,14,2,39,55,387,
China,Western Pacific Region of WHO,Eastern Asia,2013,37,2013-09-09,2013-09-15,0,59,427,0,0,486,20,7,53,80,566,
China,Western Pacific Region of WHO,Eastern Asia,2013,38,2013-09-16,2013-09-22,0,44,398,0,0,442,27,1,62,90,532,
China,Western Pacific Region of WHO,Eastern Asia,2013,39,2013-09-23,2013-09-29,0,33,340,0,3,376,30,6,66,102,478,
China,Western Pacific Region of WHO,Eastern Asia,2013,40,2013-09-30,2013-10-06,0,21,268,0,3,292,25,0,47,72,364,
China,Western Pacific Region of WHO,Eastern Asia,2013,41,2013-10-07,2013-10-13,0,50,283,0,1,334,33,2,50,85,419,
China,Western Pacific Region of WHO,Eastern Asia,2013,42,2013-10-14,2013-10-20,0,46,217,0,3,266,30,1,63,94,360,
China,Western Pacific Region of WHO,Eastern Asia,2013,43,2013-10-21,2013-10-27,0,53,181,0,6,240,14,0,88,102,342,
China,Western Pacific Region of WHO,Eastern Asia,2013,44,2013-10-28,2013-11-03,0,97,215,0,8,320,44,2,86,132,452,
China,Western Pacific Region of WHO,Eastern Asia,2013,45,2013-11-04,2013-11-10,0,92,221,0,5,318,21,6,115,142,460,
China,Western Pacific Region of WHO,Eastern Asia,2013,46,2013-11-11,2013-11-17,0,166,258,0,2,426,90,5,144,239,665,
China,Western Pacific Region of WHO,Eastern Asia,2013,47,2013-11-18,2013-11-24,0,131,322,0,10,463,52,5,211,268,731,
China,Western Pacific Region of WHO,Eastern Asia,2013,48,2013-11-25,2013-12-01,0,273,512,0,4,789,178,11,241,430,1219,
China,Western Pacific Region of WHO,Eastern Asia,2013,49,2013-12-02,2013-12-08,0,349,710,0,2,1061,197,13,341,551,1612,
China,Western Pacific Region of WHO,Eastern Asia,2013,50,2013-12-09,2013-12-15,0,511,844,0,7,1362,186,31,450,667,2029,
China,Western Pacific Region of WHO,Eastern Asia,2013,51,2013-12-16,2013-12-22,0,647,1014,0,12,1673,117,16,592,725,2398,
China,Western Pacific Region of WHO,Eastern Asia,2013,52,2013-12-23,2013-12-29,0,1238,1285,0,10,2533,346,23,655,1024,3557,
China,Western Pacific Region of WHO,Eastern Asia,2014,1,2013-12-30,2014-01-05,0,1711,1240,0,6,2957,368,27,678,1073,4030,
China,Western Pacific Region of WHO,Eastern Asia,2014,2,2014-01-06,2014-01-12,0,2067,1039,0,22,3128,276,46,810,1132,4260,
China,Western Pacific Region of WHO,Eastern Asia,2014,3,2014-01-13,2014-01-19,0,2380,962,0,33,3375,355,35,823,1213,4588,
China,Western Pacific Region of WHO,Eastern Asia,2014,4,2014-01-20,2014-01-26,0,2183,813,0,19,3015,149,29,897,1075,4090,
China,Western Pacific Region of WHO,Eastern Asia,2014,5,2014-01-27,2014-02-02,0,1422,518,0,43,1983,173,44,613,830,2813,
China,Western Pacific Region of WHO,Eastern Asia,2014,6,2014-02-03,2014-02-09,0,1583,520,0,8,2111,317,43,644,1004,3115,
China,Western Pacific Region of WHO,Eastern Asia,2014,7,2014-02-10,2014-02-16,0,1510,429,0,9,1948,437,33,559,1029,2977,
China,Western Pacific Region of WHO,Eastern Asia,2014,8,2014-02-17,2014-02-23,0,1372,424,0,5,1801,474,45,628,1147,2948,
China,Western Pacific Region of WHO,Eastern Asia,2014,9,2014-02-24,2014-03-02,0,1263,423,0,4,1690,602,50,669,1321,3011,
China,Western Pacific Region of WHO,Eastern Asia,2014,10,2014-03-03,2014-03-09,0,882,301,0,8,1191,503,54,672,1229,2420,
China,Western Pacific Region of WHO,Eastern Asia,2014,11,2014-03-10,2014-03-16,0,549,268,0,2,819,346,34,801,1181,2000,
China,Western Pacific Region of WHO,Eastern Asia,2014,12,2014-03-17,2014-03-23,0,479,211,0,0,690,548,52,676,1276,1966,
China,Western Pacific Region of WHO,Eastern Asia,2014,13,2014-03-24,2014-03-30,0,345,177,0,3,525,397,51,517,965,1490,
China,Western Pacific Region of WHO,Eastern Asia,2014,14,2014-03-31,2014-04-06,0,194,123,0,3,320,186,26,400,612,932,
China,Western Pacific Region of WHO,Eastern Asia,2014,15,2014-04-07,2014-04-13,0,137,119,0,4,260,185,19,275,479,739,
China,Western Pacific Region of WHO,Eastern Asia,2014,16,2014-04-14,2014-04-20,0,110,104,0,1,215,181,8,164,353,568,
China,Western Pacific Region of WHO,Eastern Asia,2014,17,2014-04-21,2014-04-27,0,55,101,0,10,166,153,6,153,312,478,
China,Western Pacific Region of WHO,Eastern Asia,2014,18,2014-04-28,2014-05-04,0,37,127,0,3,167,153,6,108,267,434,
China,Western Pacific Region of WHO,Eastern Asia,2014,19,2014-05-05,2014-05-11,0,30,169,0,2,201,109,9,81,199,400,
China,Western Pacific Region of WHO,Eastern Asia,2014,20,2014-05-12,2014-05-18,0,30,197,0,1,228,69,5,89,163,391,
China,Western Pacific Region of WHO,Eastern Asia,2014,21,2014-05-19,2014-05-25,0,11,190,0,2,203,56,4,88,148,351,
China,Western Pacific Region of WHO,Eastern Asia,2014,22,2014-05-26,2014-06-01,0,18,288,0,1,307,49,1,64,114,421,
China,Western Pacific Region of WHO,Eastern Asia,2014,23,2014-06-02,2014-06-08,0,15,475,0,7,497,82,1,44,127,624,
China,Western Pacific Region of WHO,Eastern Asia,2014,24,2014-06-09,2014-06-15,0,27,722,0,2,751,69,3,29,101,852,
China,Western Pacific Region of WHO,Eastern Asia,2014,25,2014-06-16,2014-06-22,0,10,639,0,0,649,62,3,45,110,759,
China,Western Pacific Region of WHO,Eastern Asia,2014,26,2014-06-23,2014-06-29,0,16,735,0,1,752,34,2,45,81,833,
China,Western Pacific Region of WHO,Eastern Asia,2014,27,2014-06-30,2014-07-06,0,5,842,0,6,853,17,1,35,53,906,
China,Western Pacific Region of WHO,Eastern Asia,2014,28,2014-07-07,2014-07-13,0,11,1156,0,1,1168,42,3,15,60,1228,
China,Western Pacific Region of WHO,Eastern Asia,2014,29,2014-07-14,2014-07-20,0,5,1257,0,1,1263,43,1,18,62,1325,
China,Western Pacific Region of WHO,Eastern Asia,2014,30,2014-07-21,2014-07-27,0,4,1282,0,4,1290,27,1,28,56,1346,
China,Western Pacific Region of WHO,Eastern Asia,2014,31,2014-07-28,2014-08-03,0,1,1221,0,11,1233,25,0,28,53,1286,
China,Western Pacific Region of WHO,Eastern Asia,2014,32,2014-08-04,2014-08-10,0,1,997,0,5,1003,6,0,41,47,1050,
China,Western Pacific Region of WHO,Eastern Asia,2014,33,2014-08-11,2014-08-17,0,4,976,0,8,988,16,0,43,59,1047,
China,Western Pacific Region of WHO,Eastern Asia,2014,34,2014-08-18,2014-08-24,0,3,882,0,7,892,23,0,36,59,951,
China,Western Pacific Region of WHO,Eastern Asia,2014,35,2014-08-25,2014-08-31,0,3,796,0,3,802,62,3,15,80,882,
China,Western Pacific Region of WHO,Eastern Asia,2014,36,2014-09-01,2014-09-07,0,3,699,0,2,704,38,1,23,62,766,
China,Western Pacific Region of WHO,Eastern Asia,2014,37,2014-09-08,2014-09-14,0,13,558,0,2,573,73,1,18,92,665,
China,Western Pacific Region of WHO,Eastern Asia,2014,38,2014-09-15,2014-09-21,0,6,386,0,9,401,71,1,25,97,498,
China,Western Pacific Region of WHO,Eastern Asia,2014,39,2014-09-22,2014-09-28,0,4,253,0,5,262,51,1,26,78,340,
China,Western Pacific Region of WHO,Eastern Asia,2014,40,2014-09-29,2014-10-05,0,12,231,0,0,243,45,0,23,68,311,
China,Western Pacific Region of WHO,Eastern Asia,2014,41,2014-10-06,2014-10-12,0,8,230,0,1,239,39,0,19,58,297,
China,Western Pacific Region of WHO,Eastern Asia,2014,42,2014-10-13,2014-10-19,0,10,195,0,0,205,35,0,12,47,252,
China,Western Pacific Region of WHO,Eastern Asia,2014,43,2014-10-20,2014-10-26,0,18,192,0,4,214,42,0,18,60,274,
China,Western Pacific Region of WHO,Eastern Asia,2014,44,2014-10-27,2014-11-02,0,6,277,0,0,283,30,1,13,44,327,
China,Western Pacific Region of WHO,Eastern Asia,2014,45,2014-11-03,2014-11-09,0,5,350,0,1,356,39,1,9,49,405,
China,Western Pacific Region of WHO,Eastern Asia,2014,46,2014-11-10,2014-11-16,0,10,483,0,1,494,40,4,8,52,546,
China,Western Pacific Region of WHO,Eastern Asia,2014,47,2014-11-17,2014-11-23,0,18,752,0,4,774,67,2,11,80,854,
China,Western Pacific Region of WHO,Eastern Asia,2014,48,2014-11-24,2014-11-30,0,25,809,0,3,837,53,1,15,69,906,
China,Western Pacific Region of WHO,Eastern Asia,2014,49,2014-12-01,2014-12-07,0,19,1213,0,12,1244,58,1,16,75,1319,
China,Western Pacific Region of WHO,Eastern Asia,2014,50,2014-12-08,2014-12-14,0,23,1570,0,3,1596,116,5,19,140,1736,
China,Western Pacific Region of WHO,Eastern Asia,2014,51,2014-12-15,2014-12-21,0,9,1952,0,0,1961,184,0,9,193,2154,
China,Western Pacific Region of WHO,Eastern Asia,2014,52,2014-12-22,2014-12-28,0,29,2085,0,2,2116,309,9,46,364,2480,
,,,,,,,,,,,,,,,,,,